RoR,Geothermal
0.64,0.31
0.64,0.31
0.64,0.31
0.64,0.31
0.64,0.31
0.64,0.31
0.64,0.31
0.64,0.31
0.64,0.31
0.64,0.31
0.64,0.31
0.64,0.31
0.64,0.31
0.64,0.31
0.64,0.31
0.64,0.31
0.64,0.31
0.64,0.31
0.64,0.31
0.64,0.31
0.64,0.31
0.64,0.31
0.64,0.31
0.64,0.31
0.64,0.31
0.64,0.31
0.64,0.31
0.64,0.31
0.64,0.31
0.64,0.31
0.64,0.31
0.64,0.31
0.64,0.31
0.64,0.31
0.64,0.31
0.64,0.31
0.64,0.31
0.64,0.31
0.64,0.31
0.64,0.31
0.64,0.31
0.64,0.31
0.64,0.31
0.64,0.31
0.64,0.31
0.64,0.31
0.64,0.31
0.64,0.31
0.64,0.31
0.64,0.31
0.64,0.31
0.64,0.31
0.64,0.31
0.64,0.31
0.64,0.31
0.64,0.31
0.64,0.31
0.64,0.31
0.64,0.31
0.64,0.31
0.64,0.31
0.64,0.31
0.64,0.31
0.64,0.31
0.64,0.31
0.64,0.31
0.64,0.31
0.64,0.31
0.64,0.31
0.64,0.31
0.64,0.31
0.64,0.31
0.64,0.31
0.64,0.31
0.64,0.31
0.64,0.31
0.64,0.31
0.64,0.31
0.64,0.31
0.64,0.31
0.64,0.31
0.64,0.31
0.64,0.31
0.64,0.31
0.64,0.31
0.64,0.31
0.64,0.31
0.64,0.31
0.64,0.31
0.64,0.31
0.64,0.31
0.64,0.31
0.64,0.31
0.64,0.31
0.64,0.31
0.64,0.31
0.64,0.31
0.64,0.31
0.64,0.31
0.64,0.31
0.64,0.31
0.64,0.31
0.64,0.31
0.64,0.31
0.64,0.31
0.64,0.31
0.64,0.31
0.64,0.31
0.64,0.31
0.64,0.31
0.64,0.31
0.64,0.31
0.64,0.31
0.64,0.31
0.64,0.31
0.64,0.31
0.64,0.31
0.64,0.31
0.64,0.31
0.64,0.31
0.64,0.31
0.64,0.31
0.64,0.31
0.64,0.31
0.64,0.31
0.64,0.31
0.64,0.31
0.64,0.31
0.64,0.31
0.64,0.31
0.64,0.31
0.64,0.31
0.64,0.31
0.64,0.31
0.64,0.31
0.64,0.31
0.64,0.31
0.64,0.31
0.64,0.31
0.64,0.31
0.64,0.31
0.64,0.31
0.64,0.31
0.64,0.31
0.64,0.31
0.64,0.31
0.64,0.31
0.64,0.31
0.64,0.31
0.64,0.31
0.64,0.31
0.64,0.31
0.64,0.31
0.64,0.31
0.64,0.31
0.64,0.31
0.64,0.31
0.64,0.31
0.64,0.31
0.64,0.31
0.64,0.31
0.64,0.31
0.64,0.31
0.64,0.31
0.64,0.31
0.64,0.31
0.64,0.31
0.64,0.31
0.64,0.31
0.64,0.31
0.64,0.31
0.64,0.31
0.64,0.31
0.64,0.31
0.64,0.31
0.64,0.31
0.64,0.31
0.64,0.31
0.64,0.31
0.64,0.31
0.64,0.31
0.64,0.31
0.64,0.31
0.64,0.31
0.64,0.31
0.64,0.31
0.64,0.31
0.64,0.31
0.64,0.31
0.64,0.31
0.64,0.31
0.64,0.31
0.64,0.31
0.64,0.31
0.64,0.31
0.64,0.31
0.64,0.31
0.64,0.31
0.64,0.31
0.64,0.31
0.64,0.31
0.64,0.31
0.64,0.31
0.64,0.31
0.64,0.31
0.64,0.31
0.64,0.31
0.64,0.31
0.64,0.31
0.64,0.31
0.64,0.31
0.64,0.31
0.64,0.31
0.64,0.31
0.64,0.31
0.64,0.31
0.64,0.31
0.64,0.31
0.64,0.31
0.64,0.31
0.64,0.31
0.64,0.31
0.64,0.31
0.64,0.31
0.64,0.31
0.64,0.31
0.64,0.31
0.64,0.31
0.64,0.31
0.64,0.31
0.64,0.31
0.64,0.31
0.64,0.31
0.64,0.31
0.64,0.31
0.64,0.31
0.64,0.31
0.64,0.31
0.64,0.31
0.64,0.31
0.64,0.31
0.64,0.31
0.64,0.31
0.64,0.31
0.64,0.31
0.64,0.31
0.64,0.31
0.64,0.31
0.64,0.31
0.64,0.31
0.64,0.31
0.64,0.31
0.64,0.31
0.64,0.31
0.64,0.31
0.64,0.31
0.64,0.31
0.64,0.31
0.64,0.31
0.64,0.31
0.64,0.31
0.64,0.31
0.64,0.31
0.64,0.31
0.64,0.31
0.64,0.31
0.64,0.31
0.64,0.31
0.64,0.31
0.64,0.31
0.64,0.31
0.64,0.31
0.64,0.31
0.64,0.31
0.64,0.31
0.64,0.31
0.64,0.31
0.64,0.31
0.64,0.31
0.64,0.31
0.64,0.31
0.64,0.31
0.64,0.31
0.64,0.31
0.64,0.31
0.64,0.31
0.64,0.31
0.64,0.31
0.64,0.31
0.64,0.31
0.64,0.31
0.64,0.31
0.64,0.31
0.64,0.31
0.64,0.31
0.64,0.31
0.64,0.31
0.64,0.31
0.64,0.31
0.64,0.31
0.64,0.31
0.64,0.31
0.64,0.31
0.64,0.31
0.64,0.31
0.64,0.31
0.64,0.31
0.64,0.31
0.64,0.31
0.64,0.31
0.64,0.31
0.64,0.31
0.64,0.31
0.64,0.31
0.64,0.31
0.64,0.31
0.64,0.31
0.64,0.31
0.64,0.31
0.64,0.31
0.64,0.31
0.64,0.31
0.64,0.31
0.64,0.31
0.64,0.31
0.64,0.31
0.64,0.31
0.64,0.31
0.64,0.31
0.64,0.31
0.64,0.31
0.64,0.31
0.64,0.31
0.64,0.31
0.64,0.31
0.64,0.31
0.64,0.31
0.64,0.31
0.64,0.31
0.64,0.31
0.64,0.31
0.64,0.31
0.64,0.31
0.64,0.31
0.64,0.31
0.64,0.31
0.64,0.31
0.64,0.31
0.64,0.31
0.64,0.31
0.64,0.31
0.64,0.31
0.64,0.31
0.64,0.31
0.64,0.31
0.64,0.31
0.64,0.31
0.64,0.31
0.64,0.31
0.64,0.31
0.64,0.31
0.64,0.31
0.64,0.31
0.64,0.31
0.64,0.31
0.64,0.31
0.64,0.31
0.64,0.31
0.64,0.31
0.64,0.31
0.64,0.31
0.64,0.31
0.64,0.31
0.64,0.31
0.64,0.31
0.64,0.31
0.64,0.31
0.64,0.31
0.64,0.31
0.64,0.31
0.64,0.31
0.64,0.31
0.64,0.31
0.64,0.31
0.64,0.31
0.64,0.31
0.64,0.31
0.64,0.31
0.64,0.31
0.64,0.31
0.64,0.31
0.64,0.31
0.64,0.31
0.64,0.31
0.64,0.31
0.64,0.31
0.64,0.31
0.64,0.31
0.64,0.31
0.64,0.31
0.64,0.31
0.64,0.31
0.64,0.31
0.64,0.31
0.64,0.31
0.64,0.31
0.64,0.31
0.64,0.31
0.64,0.31
0.64,0.31
0.64,0.31
0.64,0.31
0.64,0.31
0.64,0.31
0.64,0.31
0.64,0.31
0.64,0.31
0.64,0.31
0.64,0.31
0.64,0.31
0.64,0.31
0.64,0.31
0.64,0.31
0.64,0.31
0.64,0.31
0.64,0.31
0.64,0.31
0.64,0.31
0.64,0.31
0.64,0.31
0.64,0.31
0.64,0.31
0.64,0.31
0.64,0.31
0.64,0.31
0.64,0.31
0.64,0.31
0.64,0.31
0.64,0.31
0.64,0.31
0.64,0.31
0.64,0.31
0.64,0.31
0.64,0.31
0.64,0.31
0.64,0.31
0.64,0.31
0.64,0.31
0.64,0.31
0.64,0.31
0.64,0.31
0.64,0.31
0.64,0.31
0.64,0.31
0.64,0.31
0.64,0.31
0.64,0.31
0.64,0.31
0.64,0.31
0.64,0.31
0.64,0.31
0.64,0.31
0.64,0.31
0.64,0.31
0.64,0.31
0.64,0.31
0.64,0.31
0.64,0.31
0.64,0.31
0.64,0.31
0.64,0.31
0.64,0.31
0.64,0.31
0.64,0.31
0.64,0.31
0.64,0.31
0.64,0.31
0.64,0.31
0.64,0.31
0.64,0.31
0.64,0.31
0.64,0.31
0.64,0.31
0.64,0.31
0.64,0.31
0.64,0.31
0.64,0.31
0.64,0.31
0.64,0.31
0.64,0.31
0.64,0.31
0.64,0.31
0.64,0.31
0.64,0.31
0.64,0.31
0.64,0.31
0.64,0.31
0.64,0.31
0.64,0.31
0.64,0.31
0.64,0.31
0.64,0.31
0.64,0.31
0.64,0.31
0.64,0.31
0.64,0.31
0.64,0.31
0.64,0.31
0.64,0.31
0.64,0.31
0.64,0.31
0.64,0.31
0.64,0.31
0.64,0.31
0.64,0.31
0.64,0.31
0.64,0.31
0.64,0.31
0.64,0.31
0.64,0.31
0.64,0.31
0.64,0.31
0.64,0.31
0.64,0.31
0.64,0.31
0.64,0.31
0.64,0.31
0.64,0.31
0.64,0.31
0.64,0.31
0.64,0.31
0.64,0.31
0.64,0.31
0.64,0.31
0.64,0.31
0.64,0.31
0.64,0.31
0.64,0.31
0.64,0.31
0.64,0.31
0.64,0.31
0.64,0.31
0.64,0.31
0.64,0.31
0.64,0.31
0.64,0.31
0.64,0.31
0.64,0.31
0.64,0.31
0.64,0.31
0.64,0.31
0.64,0.31
0.64,0.31
0.64,0.31
0.64,0.31
0.64,0.31
0.64,0.31
0.64,0.31
0.64,0.31
0.64,0.31
0.64,0.31
0.64,0.31
0.64,0.31
0.64,0.31
0.64,0.31
0.64,0.31
0.64,0.31
0.64,0.31
0.64,0.31
0.64,0.31
0.64,0.31
0.64,0.31
0.64,0.31
0.64,0.31
0.64,0.31
0.64,0.31
0.64,0.31
0.64,0.31
0.64,0.31
0.64,0.31
0.64,0.31
0.64,0.31
0.64,0.31
0.64,0.31
0.64,0.31
0.64,0.31
0.64,0.31
0.64,0.31
0.64,0.31
0.64,0.31
0.64,0.31
0.64,0.31
0.64,0.31
0.64,0.31
0.64,0.31
0.64,0.31
0.64,0.31
0.64,0.31
0.64,0.31
0.64,0.31
0.64,0.31
0.64,0.31
0.64,0.31
0.64,0.31
0.64,0.31
0.64,0.31
0.64,0.31
0.64,0.31
0.64,0.31
0.64,0.31
0.64,0.31
0.64,0.31
0.64,0.31
0.64,0.31
0.64,0.31
0.64,0.31
0.64,0.31
0.64,0.31
0.64,0.31
0.64,0.31
0.64,0.31
0.64,0.31
0.64,0.31
0.64,0.31
0.64,0.31
0.64,0.31
0.64,0.31
0.64,0.31
0.64,0.31
0.64,0.31
0.64,0.31
0.64,0.31
0.64,0.31
0.64,0.31
0.64,0.31
0.64,0.31
0.64,0.31
0.64,0.31
0.64,0.31
0.64,0.31
0.64,0.31
0.64,0.31
0.64,0.31
0.64,0.31
0.64,0.31
0.64,0.31
0.64,0.31
0.64,0.31
0.64,0.31
0.64,0.31
0.64,0.31
0.64,0.31
0.64,0.31
0.64,0.31
0.64,0.31
0.64,0.31
0.64,0.31
0.64,0.31
0.64,0.31
0.64,0.31
0.64,0.31
0.64,0.31
0.64,0.31
0.64,0.31
0.64,0.31
0.64,0.31
0.64,0.31
0.64,0.31
0.64,0.31
0.64,0.31
0.64,0.31
0.64,0.31
0.64,0.31
0.64,0.31
0.64,0.31
0.64,0.31
0.64,0.31
0.64,0.31
0.64,0.31
0.64,0.31
0.64,0.31
0.64,0.31
0.64,0.31
0.64,0.31
0.64,0.31
0.64,0.31
0.64,0.31
0.64,0.31
0.64,0.31
0.64,0.31
0.64,0.31
0.64,0.31
0.64,0.31
0.64,0.31
0.64,0.31
0.64,0.31
0.64,0.31
0.64,0.31
0.64,0.31
0.64,0.31
0.64,0.31
0.64,0.31
0.64,0.31
0.64,0.31
0.64,0.31
0.64,0.31
0.64,0.31
0.64,0.31
0.64,0.31
0.64,0.31
0.64,0.31
0.64,0.31
0.64,0.31
0.64,0.31
0.64,0.31
0.64,0.31
0.64,0.31
0.64,0.31
0.64,0.31
0.64,0.31
0.64,0.31
0.64,0.31
0.64,0.31
0.64,0.31
0.64,0.31
0.64,0.31
0.64,0.31
0.64,0.31
0.64,0.31
0.64,0.31
0.64,0.31
0.64,0.31
0.64,0.31
0.64,0.31
0.64,0.31
0.64,0.31
0.64,0.31
0.64,0.31
0.64,0.31
0.64,0.31
0.64,0.31
0.64,0.31
0.64,0.31
0.64,0.31
0.52,0.31
0.52,0.31
0.52,0.31
0.52,0.31
0.52,0.31
0.52,0.31
0.52,0.31
0.52,0.31
0.52,0.31
0.52,0.31
0.52,0.31
0.52,0.31
0.52,0.31
0.52,0.31
0.52,0.31
0.52,0.31
0.52,0.31
0.52,0.31
0.52,0.31
0.52,0.31
0.52,0.31
0.52,0.31
0.52,0.31
0.52,0.31
0.52,0.31
0.52,0.31
0.52,0.31
0.52,0.31
0.52,0.31
0.52,0.31
0.52,0.31
0.52,0.31
0.52,0.31
0.52,0.31
0.52,0.31
0.52,0.31
0.52,0.31
0.52,0.31
0.52,0.31
0.52,0.31
0.52,0.31
0.52,0.31
0.52,0.31
0.52,0.31
0.52,0.31
0.52,0.31
0.52,0.31
0.52,0.31
0.52,0.31
0.52,0.31
0.52,0.31
0.52,0.31
0.52,0.31
0.52,0.31
0.52,0.31
0.52,0.31
0.52,0.31
0.52,0.31
0.52,0.31
0.52,0.31
0.52,0.31
0.52,0.31
0.52,0.31
0.52,0.31
0.52,0.31
0.52,0.31
0.52,0.31
0.52,0.31
0.52,0.31
0.52,0.31
0.52,0.31
0.52,0.31
0.52,0.31
0.52,0.31
0.52,0.31
0.52,0.31
0.52,0.31
0.52,0.31
0.52,0.31
0.52,0.31
0.52,0.31
0.52,0.31
0.52,0.31
0.52,0.31
0.52,0.31
0.52,0.31
0.52,0.31
0.52,0.31
0.52,0.31
0.52,0.31
0.52,0.31
0.52,0.31
0.52,0.31
0.52,0.31
0.52,0.31
0.52,0.31
0.52,0.31
0.52,0.31
0.52,0.31
0.52,0.31
0.52,0.31
0.52,0.31
0.52,0.31
0.52,0.31
0.52,0.31
0.52,0.31
0.52,0.31
0.52,0.31
0.52,0.31
0.52,0.31
0.52,0.31
0.52,0.31
0.52,0.31
0.52,0.31
0.52,0.31
0.52,0.31
0.52,0.31
0.52,0.31
0.52,0.31
0.52,0.31
0.52,0.31
0.52,0.31
0.52,0.31
0.52,0.31
0.52,0.31
0.52,0.31
0.52,0.31
0.52,0.31
0.52,0.31
0.52,0.31
0.52,0.31
0.52,0.31
0.52,0.31
0.52,0.31
0.52,0.31
0.52,0.31
0.52,0.31
0.52,0.31
0.52,0.31
0.52,0.31
0.52,0.31
0.52,0.31
0.52,0.31
0.52,0.31
0.52,0.31
0.52,0.31
0.52,0.31
0.52,0.31
0.52,0.31
0.52,0.31
0.52,0.31
0.52,0.31
0.52,0.31
0.52,0.31
0.52,0.31
0.52,0.31
0.52,0.31
0.52,0.31
0.52,0.31
0.52,0.31
0.52,0.31
0.52,0.31
0.52,0.31
0.52,0.31
0.52,0.31
0.52,0.31
0.52,0.31
0.52,0.31
0.52,0.31
0.52,0.31
0.52,0.31
0.52,0.31
0.52,0.31
0.52,0.31
0.52,0.31
0.52,0.31
0.52,0.31
0.52,0.31
0.52,0.31
0.52,0.31
0.52,0.31
0.52,0.31
0.52,0.31
0.52,0.31
0.52,0.31
0.52,0.31
0.52,0.31
0.52,0.31
0.52,0.31
0.52,0.31
0.52,0.31
0.52,0.31
0.52,0.31
0.52,0.31
0.52,0.31
0.52,0.31
0.52,0.31
0.52,0.31
0.52,0.31
0.52,0.31
0.52,0.31
0.52,0.31
0.52,0.31
0.52,0.31
0.52,0.31
0.52,0.31
0.52,0.31
0.52,0.31
0.52,0.31
0.52,0.31
0.52,0.31
0.52,0.31
0.52,0.31
0.52,0.31
0.52,0.31
0.52,0.31
0.52,0.31
0.52,0.31
0.52,0.31
0.52,0.31
0.52,0.31
0.52,0.31
0.52,0.31
0.52,0.31
0.52,0.31
0.52,0.31
0.52,0.31
0.52,0.31
0.52,0.31
0.52,0.31
0.52,0.31
0.52,0.31
0.52,0.31
0.52,0.31
0.52,0.31
0.52,0.31
0.52,0.31
0.52,0.31
0.52,0.31
0.52,0.31
0.52,0.31
0.52,0.31
0.52,0.31
0.52,0.31
0.52,0.31
0.52,0.31
0.52,0.31
0.52,0.31
0.52,0.31
0.52,0.31
0.52,0.31
0.52,0.31
0.52,0.31
0.52,0.31
0.52,0.31
0.52,0.31
0.52,0.31
0.52,0.31
0.52,0.31
0.52,0.31
0.52,0.31
0.52,0.31
0.52,0.31
0.52,0.31
0.52,0.31
0.52,0.31
0.52,0.31
0.52,0.31
0.52,0.31
0.52,0.31
0.52,0.31
0.52,0.31
0.52,0.31
0.52,0.31
0.52,0.31
0.52,0.31
0.52,0.31
0.52,0.31
0.52,0.31
0.52,0.31
0.52,0.31
0.52,0.31
0.52,0.31
0.52,0.31
0.52,0.31
0.52,0.31
0.52,0.31
0.52,0.31
0.52,0.31
0.52,0.31
0.52,0.31
0.52,0.31
0.52,0.31
0.52,0.31
0.52,0.31
0.52,0.31
0.52,0.31
0.52,0.31
0.52,0.31
0.52,0.31
0.52,0.31
0.52,0.31
0.52,0.31
0.52,0.31
0.52,0.31
0.52,0.31
0.52,0.31
0.52,0.31
0.52,0.31
0.52,0.31
0.52,0.31
0.52,0.31
0.52,0.31
0.52,0.31
0.52,0.31
0.52,0.31
0.52,0.31
0.52,0.31
0.52,0.31
0.52,0.31
0.52,0.31
0.52,0.31
0.52,0.31
0.52,0.31
0.52,0.31
0.52,0.31
0.52,0.31
0.52,0.31
0.52,0.31
0.52,0.31
0.52,0.31
0.52,0.31
0.52,0.31
0.52,0.31
0.52,0.31
0.52,0.31
0.52,0.31
0.52,0.31
0.52,0.31
0.52,0.31
0.52,0.31
0.52,0.31
0.52,0.31
0.52,0.31
0.52,0.31
0.52,0.31
0.52,0.31
0.52,0.31
0.52,0.31
0.52,0.31
0.52,0.31
0.52,0.31
0.52,0.31
0.52,0.31
0.52,0.31
0.52,0.31
0.52,0.31
0.52,0.31
0.52,0.31
0.52,0.31
0.52,0.31
0.52,0.31
0.52,0.31
0.52,0.31
0.52,0.31
0.52,0.31
0.52,0.31
0.52,0.31
0.52,0.31
0.52,0.31
0.52,0.31
0.52,0.31
0.52,0.31
0.52,0.31
0.52,0.31
0.52,0.31
0.52,0.31
0.52,0.31
0.52,0.31
0.52,0.31
0.52,0.31
0.52,0.31
0.52,0.31
0.52,0.31
0.52,0.31
0.52,0.31
0.52,0.31
0.52,0.31
0.52,0.31
0.52,0.31
0.52,0.31
0.52,0.31
0.52,0.31
0.52,0.31
0.52,0.31
0.52,0.31
0.52,0.31
0.52,0.31
0.52,0.31
0.52,0.31
0.52,0.31
0.52,0.31
0.52,0.31
0.52,0.31
0.52,0.31
0.52,0.31
0.52,0.31
0.52,0.31
0.52,0.31
0.52,0.31
0.52,0.31
0.52,0.31
0.52,0.31
0.52,0.31
0.52,0.31
0.52,0.31
0.52,0.31
0.52,0.31
0.52,0.31
0.52,0.31
0.52,0.31
0.52,0.31
0.52,0.31
0.52,0.31
0.52,0.31
0.52,0.31
0.52,0.31
0.52,0.31
0.52,0.31
0.52,0.31
0.52,0.31
0.52,0.31
0.52,0.31
0.52,0.31
0.52,0.31
0.52,0.31
0.52,0.31
0.52,0.31
0.52,0.31
0.52,0.31
0.52,0.31
0.52,0.31
0.52,0.31
0.52,0.31
0.52,0.31
0.52,0.31
0.52,0.31
0.52,0.31
0.52,0.31
0.52,0.31
0.52,0.31
0.52,0.31
0.52,0.31
0.52,0.31
0.52,0.31
0.52,0.31
0.52,0.31
0.52,0.31
0.52,0.31
0.52,0.31
0.52,0.31
0.52,0.31
0.52,0.31
0.52,0.31
0.52,0.31
0.52,0.31
0.52,0.31
0.52,0.31
0.52,0.31
0.52,0.31
0.52,0.31
0.52,0.31
0.52,0.31
0.52,0.31
0.52,0.31
0.52,0.31
0.52,0.31
0.52,0.31
0.52,0.31
0.52,0.31
0.52,0.31
0.52,0.31
0.52,0.31
0.52,0.31
0.52,0.31
0.52,0.31
0.52,0.31
0.52,0.31
0.52,0.31
0.52,0.31
0.52,0.31
0.52,0.31
0.52,0.31
0.52,0.31
0.52,0.31
0.52,0.31
0.52,0.31
0.52,0.31
0.52,0.31
0.52,0.31
0.52,0.31
0.52,0.31
0.52,0.31
0.52,0.31
0.52,0.31
0.52,0.31
0.52,0.31
0.52,0.31
0.52,0.31
0.52,0.31
0.52,0.31
0.52,0.31
0.52,0.31
0.52,0.31
0.52,0.31
0.52,0.31
0.52,0.31
0.52,0.31
0.52,0.31
0.52,0.31
0.52,0.31
0.52,0.31
0.52,0.31
0.52,0.31
0.52,0.31
0.52,0.31
0.52,0.31
0.52,0.31
0.52,0.31
0.52,0.31
0.52,0.31
0.52,0.31
0.52,0.31
0.52,0.31
0.52,0.31
0.52,0.31
0.52,0.31
0.52,0.31
0.52,0.31
0.52,0.31
0.52,0.31
0.52,0.31
0.52,0.31
0.52,0.31
0.52,0.31
0.52,0.31
0.52,0.31
0.52,0.31
0.52,0.31
0.52,0.31
0.52,0.31
0.52,0.31
0.52,0.31
0.52,0.31
0.52,0.31
0.52,0.31
0.52,0.31
0.52,0.31
0.52,0.31
0.52,0.31
0.52,0.31
0.52,0.31
0.52,0.31
0.52,0.31
0.52,0.31
0.52,0.31
0.52,0.31
0.52,0.31
0.52,0.31
0.52,0.31
0.52,0.31
0.52,0.31
0.52,0.31
0.52,0.31
0.52,0.31
0.52,0.31
0.52,0.31
0.52,0.31
0.52,0.31
0.52,0.31
0.52,0.31
0.52,0.31
0.52,0.31
0.52,0.31
0.52,0.31
0.52,0.31
0.52,0.31
0.52,0.31
0.52,0.31
0.52,0.31
0.52,0.31
0.52,0.31
0.52,0.31
0.52,0.31
0.52,0.31
0.52,0.31
0.52,0.31
0.52,0.31
0.52,0.31
0.52,0.31
0.52,0.31
0.52,0.31
0.52,0.31
0.52,0.31
0.52,0.31
0.52,0.31
0.52,0.31
0.52,0.31
0.52,0.31
0.52,0.31
0.52,0.31
0.52,0.31
0.52,0.31
0.52,0.31
0.52,0.31
0.52,0.31
0.52,0.31
0.52,0.31
0.52,0.31
0.52,0.31
0.52,0.31
0.52,0.31
0.52,0.31
0.52,0.31
0.52,0.31
0.52,0.31
0.52,0.31
0.52,0.31
0.52,0.31
0.52,0.31
0.52,0.31
0.52,0.31
0.52,0.31
0.52,0.31
0.52,0.31
0.52,0.31
0.52,0.31
0.52,0.31
0.52,0.31
0.52,0.31
0.52,0.31
0.52,0.31
0.52,0.31
0.52,0.31
0.52,0.31
0.52,0.31
0.52,0.31
0.52,0.31
0.52,0.31
0.52,0.31
0.52,0.31
0.52,0.31
0.52,0.31
0.52,0.31
0.52,0.31
0.52,0.31
0.52,0.31
0.52,0.31
0.52,0.31
0.52,0.31
0.52,0.31
0.52,0.31
0.52,0.31
0.52,0.31
0.52,0.31
0.52,0.31
0.52,0.31
0.52,0.31
0.52,0.31
0.52,0.31
0.52,0.31
0.52,0.31
0.56,0.31
0.56,0.31
0.56,0.31
0.56,0.31
0.56,0.31
0.56,0.31
0.56,0.31
0.56,0.31
0.56,0.31
0.56,0.31
0.56,0.31
0.56,0.31
0.56,0.31
0.56,0.31
0.56,0.31
0.56,0.31
0.56,0.31
0.56,0.31
0.56,0.31
0.56,0.31
0.56,0.31
0.56,0.31
0.56,0.31
0.56,0.31
0.56,0.31
0.56,0.31
0.56,0.31
0.56,0.31
0.56,0.31
0.56,0.31
0.56,0.31
0.56,0.31
0.56,0.31
0.56,0.31
0.56,0.31
0.56,0.31
0.56,0.31
0.56,0.31
0.56,0.31
0.56,0.31
0.56,0.31
0.56,0.31
0.56,0.31
0.56,0.31
0.56,0.31
0.56,0.31
0.56,0.31
0.56,0.31
0.56,0.31
0.56,0.31
0.56,0.31
0.56,0.31
0.56,0.31
0.56,0.31
0.56,0.31
0.56,0.31
0.56,0.31
0.56,0.31
0.56,0.31
0.56,0.31
0.56,0.31
0.56,0.31
0.56,0.31
0.56,0.31
0.56,0.31
0.56,0.31
0.56,0.31
0.56,0.31
0.56,0.31
0.56,0.31
0.56,0.31
0.56,0.31
0.56,0.31
0.56,0.31
0.56,0.31
0.56,0.31
0.56,0.31
0.56,0.31
0.56,0.31
0.56,0.31
0.56,0.31
0.56,0.31
0.56,0.31
0.56,0.31
0.56,0.31
0.56,0.31
0.56,0.31
0.56,0.31
0.56,0.31
0.56,0.31
0.56,0.31
0.56,0.31
0.56,0.31
0.56,0.31
0.56,0.31
0.56,0.31
0.56,0.31
0.56,0.31
0.56,0.31
0.56,0.31
0.56,0.31
0.56,0.31
0.56,0.31
0.56,0.31
0.56,0.31
0.56,0.31
0.56,0.31
0.56,0.31
0.56,0.31
0.56,0.31
0.56,0.31
0.56,0.31
0.56,0.31
0.56,0.31
0.56,0.31
0.56,0.31
0.56,0.31
0.56,0.31
0.56,0.31
0.56,0.31
0.56,0.31
0.56,0.31
0.56,0.31
0.56,0.31
0.56,0.31
0.56,0.31
0.56,0.31
0.56,0.31
0.56,0.31
0.56,0.31
0.56,0.31
0.56,0.31
0.56,0.31
0.56,0.31
0.56,0.31
0.56,0.31
0.56,0.31
0.56,0.31
0.56,0.31
0.56,0.31
0.56,0.31
0.56,0.31
0.56,0.31
0.56,0.31
0.56,0.31
0.56,0.31
0.56,0.31
0.56,0.31
0.56,0.31
0.56,0.31
0.56,0.31
0.56,0.31
0.56,0.31
0.56,0.31
0.56,0.31
0.56,0.31
0.56,0.31
0.56,0.31
0.56,0.31
0.56,0.31
0.56,0.31
0.56,0.31
0.56,0.31
0.56,0.31
0.56,0.31
0.56,0.31
0.56,0.31
0.56,0.31
0.56,0.31
0.56,0.31
0.56,0.31
0.56,0.31
0.56,0.31
0.56,0.31
0.56,0.31
0.56,0.31
0.56,0.31
0.56,0.31
0.56,0.31
0.56,0.31
0.56,0.31
0.56,0.31
0.56,0.31
0.56,0.31
0.56,0.31
0.56,0.31
0.56,0.31
0.56,0.31
0.56,0.31
0.56,0.31
0.56,0.31
0.56,0.31
0.56,0.31
0.56,0.31
0.56,0.31
0.56,0.31
0.56,0.31
0.56,0.31
0.56,0.31
0.56,0.31
0.56,0.31
0.56,0.31
0.56,0.31
0.56,0.31
0.56,0.31
0.56,0.31
0.56,0.31
0.56,0.31
0.56,0.31
0.56,0.31
0.56,0.31
0.56,0.31
0.56,0.31
0.56,0.31
0.56,0.31
0.56,0.31
0.56,0.31
0.56,0.31
0.56,0.31
0.56,0.31
0.56,0.31
0.56,0.31
0.56,0.31
0.56,0.31
0.56,0.31
0.56,0.31
0.56,0.31
0.56,0.31
0.56,0.31
0.56,0.31
0.56,0.31
0.56,0.31
0.56,0.31
0.56,0.31
0.56,0.31
0.56,0.31
0.56,0.31
0.56,0.31
0.56,0.31
0.56,0.31
0.56,0.31
0.56,0.31
0.56,0.31
0.56,0.31
0.56,0.31
0.56,0.31
0.56,0.31
0.56,0.31
0.56,0.31
0.56,0.31
0.56,0.31
0.56,0.31
0.56,0.31
0.56,0.31
0.56,0.31
0.56,0.31
0.56,0.31
0.56,0.31
0.56,0.31
0.56,0.31
0.56,0.31
0.56,0.31
0.56,0.31
0.56,0.31
0.56,0.31
0.56,0.31
0.56,0.31
0.56,0.31
0.56,0.31
0.56,0.31
0.56,0.31
0.56,0.31
0.56,0.31
0.56,0.31
0.56,0.31
0.56,0.31
0.56,0.31
0.56,0.31
0.56,0.31
0.56,0.31
0.56,0.31
0.56,0.31
0.56,0.31
0.56,0.31
0.56,0.31
0.56,0.31
0.56,0.31
0.56,0.31
0.56,0.31
0.56,0.31
0.56,0.31
0.56,0.31
0.56,0.31
0.56,0.31
0.56,0.31
0.56,0.31
0.56,0.31
0.56,0.31
0.56,0.31
0.56,0.31
0.56,0.31
0.56,0.31
0.56,0.31
0.56,0.31
0.56,0.31
0.56,0.31
0.56,0.31
0.56,0.31
0.56,0.31
0.56,0.31
0.56,0.31
0.56,0.31
0.56,0.31
0.56,0.31
0.56,0.31
0.56,0.31
0.56,0.31
0.56,0.31
0.56,0.31
0.56,0.31
0.56,0.31
0.56,0.31
0.56,0.31
0.56,0.31
0.56,0.31
0.56,0.31
0.56,0.31
0.56,0.31
0.56,0.31
0.56,0.31
0.56,0.31
0.56,0.31
0.56,0.31
0.56,0.31
0.56,0.31
0.56,0.31
0.56,0.31
0.56,0.31
0.56,0.31
0.56,0.31
0.56,0.31
0.56,0.31
0.56,0.31
0.56,0.31
0.56,0.31
0.56,0.31
0.56,0.31
0.56,0.31
0.56,0.31
0.56,0.31
0.56,0.31
0.56,0.31
0.56,0.31
0.56,0.31
0.56,0.31
0.56,0.31
0.56,0.31
0.56,0.31
0.56,0.31
0.56,0.31
0.56,0.31
0.56,0.31
0.56,0.31
0.56,0.31
0.56,0.31
0.56,0.31
0.56,0.31
0.56,0.31
0.56,0.31
0.56,0.31
0.56,0.31
0.56,0.31
0.56,0.31
0.56,0.31
0.56,0.31
0.56,0.31
0.56,0.31
0.56,0.31
0.56,0.31
0.56,0.31
0.56,0.31
0.56,0.31
0.56,0.31
0.56,0.31
0.56,0.31
0.56,0.31
0.56,0.31
0.56,0.31
0.56,0.31
0.56,0.31
0.56,0.31
0.56,0.31
0.56,0.31
0.56,0.31
0.56,0.31
0.56,0.31
0.56,0.31
0.56,0.31
0.56,0.31
0.56,0.31
0.56,0.31
0.56,0.31
0.56,0.31
0.56,0.31
0.56,0.31
0.56,0.31
0.56,0.31
0.56,0.31
0.56,0.31
0.56,0.31
0.56,0.31
0.56,0.31
0.56,0.31
0.56,0.31
0.56,0.31
0.56,0.31
0.56,0.31
0.56,0.31
0.56,0.31
0.56,0.31
0.56,0.31
0.56,0.31
0.56,0.31
0.56,0.31
0.56,0.31
0.56,0.31
0.56,0.31
0.56,0.31
0.56,0.31
0.56,0.31
0.56,0.31
0.56,0.31
0.56,0.31
0.56,0.31
0.56,0.31
0.56,0.31
0.56,0.31
0.56,0.31
0.56,0.31
0.56,0.31
0.56,0.31
0.56,0.31
0.56,0.31
0.56,0.31
0.56,0.31
0.56,0.31
0.56,0.31
0.56,0.31
0.56,0.31
0.56,0.31
0.56,0.31
0.56,0.31
0.56,0.31
0.56,0.31
0.56,0.31
0.56,0.31
0.56,0.31
0.56,0.31
0.56,0.31
0.56,0.31
0.56,0.31
0.56,0.31
0.56,0.31
0.56,0.31
0.56,0.31
0.56,0.31
0.56,0.31
0.56,0.31
0.56,0.31
0.56,0.31
0.56,0.31
0.56,0.31
0.56,0.31
0.56,0.31
0.56,0.31
0.56,0.31
0.56,0.31
0.56,0.31
0.56,0.31
0.56,0.31
0.56,0.31
0.56,0.31
0.56,0.31
0.56,0.31
0.56,0.31
0.56,0.31
0.56,0.31
0.56,0.31
0.56,0.31
0.56,0.31
0.56,0.31
0.56,0.31
0.56,0.31
0.56,0.31
0.56,0.31
0.56,0.31
0.56,0.31
0.56,0.31
0.56,0.31
0.56,0.31
0.56,0.31
0.56,0.31
0.56,0.31
0.56,0.31
0.56,0.31
0.56,0.31
0.56,0.31
0.56,0.31
0.56,0.31
0.56,0.31
0.56,0.31
0.56,0.31
0.56,0.31
0.56,0.31
0.56,0.31
0.56,0.31
0.56,0.31
0.56,0.31
0.56,0.31
0.56,0.31
0.56,0.31
0.56,0.31
0.56,0.31
0.56,0.31
0.56,0.31
0.56,0.31
0.56,0.31
0.56,0.31
0.56,0.31
0.56,0.31
0.56,0.31
0.56,0.31
0.56,0.31
0.56,0.31
0.56,0.31
0.56,0.31
0.56,0.31
0.56,0.31
0.56,0.31
0.56,0.31
0.56,0.31
0.56,0.31
0.56,0.31
0.56,0.31
0.56,0.31
0.56,0.31
0.56,0.31
0.56,0.31
0.56,0.31
0.56,0.31
0.56,0.31
0.56,0.31
0.56,0.31
0.56,0.31
0.56,0.31
0.56,0.31
0.56,0.31
0.56,0.31
0.56,0.31
0.56,0.31
0.56,0.31
0.56,0.31
0.56,0.31
0.56,0.31
0.56,0.31
0.56,0.31
0.56,0.31
0.56,0.31
0.56,0.31
0.56,0.31
0.56,0.31
0.56,0.31
0.56,0.31
0.56,0.31
0.56,0.31
0.56,0.31
0.56,0.31
0.56,0.31
0.56,0.31
0.56,0.31
0.56,0.31
0.56,0.31
0.56,0.31
0.56,0.31
0.56,0.31
0.56,0.31
0.56,0.31
0.56,0.31
0.56,0.31
0.56,0.31
0.56,0.31
0.56,0.31
0.56,0.31
0.56,0.31
0.56,0.31
0.56,0.31
0.56,0.31
0.56,0.31
0.56,0.31
0.56,0.31
0.56,0.31
0.56,0.31
0.56,0.31
0.56,0.31
0.56,0.31
0.56,0.31
0.56,0.31
0.56,0.31
0.56,0.31
0.56,0.31
0.56,0.31
0.56,0.31
0.56,0.31
0.56,0.31
0.56,0.31
0.56,0.31
0.56,0.31
0.56,0.31
0.56,0.31
0.56,0.31
0.56,0.31
0.56,0.31
0.56,0.31
0.56,0.31
0.56,0.31
0.56,0.31
0.56,0.31
0.56,0.31
0.56,0.31
0.56,0.31
0.56,0.31
0.56,0.31
0.56,0.31
0.56,0.31
0.56,0.31
0.56,0.31
0.56,0.31
0.56,0.31
0.56,0.31
0.56,0.31
0.56,0.31
0.56,0.31
0.56,0.31
0.56,0.31
0.56,0.31
0.56,0.31
0.56,0.31
0.56,0.31
0.56,0.31
0.56,0.31
0.56,0.31
0.56,0.31
0.56,0.31
0.56,0.31
0.56,0.31
0.56,0.31
0.56,0.31
0.56,0.31
0.56,0.31
0.56,0.31
0.56,0.31
0.56,0.31
0.56,0.31
0.56,0.31
0.56,0.31
0.56,0.31
0.56,0.31
0.56,0.31
0.56,0.31
0.56,0.31
0.56,0.31
0.56,0.31
0.56,0.31
0.56,0.31
0.56,0.31
0.56,0.31
0.56,0.31
0.56,0.31
0.56,0.31
0.56,0.31
0.56,0.31
0.56,0.31
0.56,0.31
0.56,0.31
0.56,0.31
0.56,0.31
0.56,0.31
0.56,0.31
0.56,0.31
0.56,0.31
0.56,0.31
0.56,0.31
0.56,0.31
0.56,0.31
0.56,0.31
0.56,0.31
0.56,0.31
0.56,0.31
0.56,0.31
0.56,0.31
0.56,0.31
0.56,0.31
0.56,0.31
0.56,0.31
0.56,0.31
0.56,0.31
0.56,0.31
0.56,0.31
0.56,0.31
0.56,0.31
0.56,0.31
0.56,0.31
0.56,0.31
0.56,0.31
0.56,0.31
0.56,0.31
0.56,0.31
0.56,0.31
0.56,0.31
0.56,0.31
0.56,0.31
0.56,0.31
0.56,0.31
0.56,0.31
0.56,0.31
0.56,0.31
0.56,0.31
0.56,0.31
0.56,0.31
0.56,0.31
0.56,0.31
0.56,0.31
0.56,0.31
0.56,0.31
0.56,0.31
0.56,0.31
0.56,0.31
0.56,0.31
0.56,0.31
0.56,0.31
0.56,0.31
0.56,0.31
0.56,0.31
0.56,0.31
0.68,0.31
0.68,0.31
0.68,0.31
0.68,0.31
0.68,0.31
0.68,0.31
0.68,0.31
0.68,0.31
0.68,0.31
0.68,0.31
0.68,0.31
0.68,0.31
0.68,0.31
0.68,0.31
0.68,0.31
0.68,0.31
0.68,0.31
0.68,0.31
0.68,0.31
0.68,0.31
0.68,0.31
0.68,0.31
0.68,0.31
0.68,0.31
0.68,0.31
0.68,0.31
0.68,0.31
0.68,0.31
0.68,0.31
0.68,0.31
0.68,0.31
0.68,0.31
0.68,0.31
0.68,0.31
0.68,0.31
0.68,0.31
0.68,0.31
0.68,0.31
0.68,0.31
0.68,0.31
0.68,0.31
0.68,0.31
0.68,0.31
0.68,0.31
0.68,0.31
0.68,0.31
0.68,0.31
0.68,0.31
0.68,0.31
0.68,0.31
0.68,0.31
0.68,0.31
0.68,0.31
0.68,0.31
0.68,0.31
0.68,0.31
0.68,0.31
0.68,0.31
0.68,0.31
0.68,0.31
0.68,0.31
0.68,0.31
0.68,0.31
0.68,0.31
0.68,0.31
0.68,0.31
0.68,0.31
0.68,0.31
0.68,0.31
0.68,0.31
0.68,0.31
0.68,0.31
0.68,0.31
0.68,0.31
0.68,0.31
0.68,0.31
0.68,0.31
0.68,0.31
0.68,0.31
0.68,0.31
0.68,0.31
0.68,0.31
0.68,0.31
0.68,0.31
0.68,0.31
0.68,0.31
0.68,0.31
0.68,0.31
0.68,0.31
0.68,0.31
0.68,0.31
0.68,0.31
0.68,0.31
0.68,0.31
0.68,0.31
0.68,0.31
0.68,0.31
0.68,0.31
0.68,0.31
0.68,0.31
0.68,0.31
0.68,0.31
0.68,0.31
0.68,0.31
0.68,0.31
0.68,0.31
0.68,0.31
0.68,0.31
0.68,0.31
0.68,0.31
0.68,0.31
0.68,0.31
0.68,0.31
0.68,0.31
0.68,0.31
0.68,0.31
0.68,0.31
0.68,0.31
0.68,0.31
0.68,0.31
0.68,0.31
0.68,0.31
0.68,0.31
0.68,0.31
0.68,0.31
0.68,0.31
0.68,0.31
0.68,0.31
0.68,0.31
0.68,0.31
0.68,0.31
0.68,0.31
0.68,0.31
0.68,0.31
0.68,0.31
0.68,0.31
0.68,0.31
0.68,0.31
0.68,0.31
0.68,0.31
0.68,0.31
0.68,0.31
0.68,0.31
0.68,0.31
0.68,0.31
0.68,0.31
0.68,0.31
0.68,0.31
0.68,0.31
0.68,0.31
0.68,0.31
0.68,0.31
0.68,0.31
0.68,0.31
0.68,0.31
0.68,0.31
0.68,0.31
0.68,0.31
0.68,0.31
0.68,0.31
0.68,0.31
0.68,0.31
0.68,0.31
0.68,0.31
0.68,0.31
0.68,0.31
0.68,0.31
0.68,0.31
0.68,0.31
0.68,0.31
0.68,0.31
0.68,0.31
0.68,0.31
0.68,0.31
0.68,0.31
0.68,0.31
0.68,0.31
0.68,0.31
0.68,0.31
0.68,0.31
0.68,0.31
0.68,0.31
0.68,0.31
0.68,0.31
0.68,0.31
0.68,0.31
0.68,0.31
0.68,0.31
0.68,0.31
0.68,0.31
0.68,0.31
0.68,0.31
0.68,0.31
0.68,0.31
0.68,0.31
0.68,0.31
0.68,0.31
0.68,0.31
0.68,0.31
0.68,0.31
0.68,0.31
0.68,0.31
0.68,0.31
0.68,0.31
0.68,0.31
0.68,0.31
0.68,0.31
0.68,0.31
0.68,0.31
0.68,0.31
0.68,0.31
0.68,0.31
0.68,0.31
0.68,0.31
0.68,0.31
0.68,0.31
0.68,0.31
0.68,0.31
0.68,0.31
0.68,0.31
0.68,0.31
0.68,0.31
0.68,0.31
0.68,0.31
0.68,0.31
0.68,0.31
0.68,0.31
0.68,0.31
0.68,0.31
0.68,0.31
0.68,0.31
0.68,0.31
0.68,0.31
0.68,0.31
0.68,0.31
0.68,0.31
0.68,0.31
0.68,0.31
0.68,0.31
0.68,0.31
0.68,0.31
0.68,0.31
0.68,0.31
0.68,0.31
0.68,0.31
0.68,0.31
0.68,0.31
0.68,0.31
0.68,0.31
0.68,0.31
0.68,0.31
0.68,0.31
0.68,0.31
0.68,0.31
0.68,0.31
0.68,0.31
0.68,0.31
0.68,0.31
0.68,0.31
0.68,0.31
0.68,0.31
0.68,0.31
0.68,0.31
0.68,0.31
0.68,0.31
0.68,0.31
0.68,0.31
0.68,0.31
0.68,0.31
0.68,0.31
0.68,0.31
0.68,0.31
0.68,0.31
0.68,0.31
0.68,0.31
0.68,0.31
0.68,0.31
0.68,0.31
0.68,0.31
0.68,0.31
0.68,0.31
0.68,0.31
0.68,0.31
0.68,0.31
0.68,0.31
0.68,0.31
0.68,0.31
0.68,0.31
0.68,0.31
0.68,0.31
0.68,0.31
0.68,0.31
0.68,0.31
0.68,0.31
0.68,0.31
0.68,0.31
0.68,0.31
0.68,0.31
0.68,0.31
0.68,0.31
0.68,0.31
0.68,0.31
0.68,0.31
0.68,0.31
0.68,0.31
0.68,0.31
0.68,0.31
0.68,0.31
0.68,0.31
0.68,0.31
0.68,0.31
0.68,0.31
0.68,0.31
0.68,0.31
0.68,0.31
0.68,0.31
0.68,0.31
0.68,0.31
0.68,0.31
0.68,0.31
0.68,0.31
0.68,0.31
0.68,0.31
0.68,0.31
0.68,0.31
0.68,0.31
0.68,0.31
0.68,0.31
0.68,0.31
0.68,0.31
0.68,0.31
0.68,0.31
0.68,0.31
0.68,0.31
0.68,0.31
0.68,0.31
0.68,0.31
0.68,0.31
0.68,0.31
0.68,0.31
0.68,0.31
0.68,0.31
0.68,0.31
0.68,0.31
0.68,0.31
0.68,0.31
0.68,0.31
0.68,0.31
0.68,0.31
0.68,0.31
0.68,0.31
0.68,0.31
0.68,0.31
0.68,0.31
0.68,0.31
0.68,0.31
0.68,0.31
0.68,0.31
0.68,0.31
0.68,0.31
0.68,0.31
0.68,0.31
0.68,0.31
0.68,0.31
0.68,0.31
0.68,0.31
0.68,0.31
0.68,0.31
0.68,0.31
0.68,0.31
0.68,0.31
0.68,0.31
0.68,0.31
0.68,0.31
0.68,0.31
0.68,0.31
0.68,0.31
0.68,0.31
0.68,0.31
0.68,0.31
0.68,0.31
0.68,0.31
0.68,0.31
0.68,0.31
0.68,0.31
0.68,0.31
0.68,0.31
0.68,0.31
0.68,0.31
0.68,0.31
0.68,0.31
0.68,0.31
0.68,0.31
0.68,0.31
0.68,0.31
0.68,0.31
0.68,0.31
0.68,0.31
0.68,0.31
0.68,0.31
0.68,0.31
0.68,0.31
0.68,0.31
0.68,0.31
0.68,0.31
0.68,0.31
0.68,0.31
0.68,0.31
0.68,0.31
0.68,0.31
0.68,0.31
0.68,0.31
0.68,0.31
0.68,0.31
0.68,0.31
0.68,0.31
0.68,0.31
0.68,0.31
0.68,0.31
0.68,0.31
0.68,0.31
0.68,0.31
0.68,0.31
0.68,0.31
0.68,0.31
0.68,0.31
0.68,0.31
0.68,0.31
0.68,0.31
0.68,0.31
0.68,0.31
0.68,0.31
0.68,0.31
0.68,0.31
0.68,0.31
0.68,0.31
0.68,0.31
0.68,0.31
0.68,0.31
0.68,0.31
0.68,0.31
0.68,0.31
0.68,0.31
0.68,0.31
0.68,0.31
0.68,0.31
0.68,0.31
0.68,0.31
0.68,0.31
0.68,0.31
0.68,0.31
0.68,0.31
0.68,0.31
0.68,0.31
0.68,0.31
0.68,0.31
0.68,0.31
0.68,0.31
0.68,0.31
0.68,0.31
0.68,0.31
0.68,0.31
0.68,0.31
0.68,0.31
0.68,0.31
0.68,0.31
0.68,0.31
0.68,0.31
0.68,0.31
0.68,0.31
0.68,0.31
0.68,0.31
0.68,0.31
0.68,0.31
0.68,0.31
0.68,0.31
0.68,0.31
0.68,0.31
0.68,0.31
0.68,0.31
0.68,0.31
0.68,0.31
0.68,0.31
0.68,0.31
0.68,0.31
0.68,0.31
0.68,0.31
0.68,0.31
0.68,0.31
0.68,0.31
0.68,0.31
0.68,0.31
0.68,0.31
0.68,0.31
0.68,0.31
0.68,0.31
0.68,0.31
0.68,0.31
0.68,0.31
0.68,0.31
0.68,0.31
0.68,0.31
0.68,0.31
0.68,0.31
0.68,0.31
0.68,0.31
0.68,0.31
0.68,0.31
0.68,0.31
0.68,0.31
0.68,0.31
0.68,0.31
0.68,0.31
0.68,0.31
0.68,0.31
0.68,0.31
0.68,0.31
0.68,0.31
0.68,0.31
0.68,0.31
0.68,0.31
0.68,0.31
0.68,0.31
0.68,0.31
0.68,0.31
0.68,0.31
0.68,0.31
0.68,0.31
0.68,0.31
0.68,0.31
0.68,0.31
0.68,0.31
0.68,0.31
0.68,0.31
0.68,0.31
0.68,0.31
0.68,0.31
0.68,0.31
0.68,0.31
0.68,0.31
0.68,0.31
0.68,0.31
0.68,0.31
0.68,0.31
0.68,0.31
0.68,0.31
0.68,0.31
0.68,0.31
0.68,0.31
0.68,0.31
0.68,0.31
0.68,0.31
0.68,0.31
0.68,0.31
0.68,0.31
0.68,0.31
0.68,0.31
0.68,0.31
0.68,0.31
0.68,0.31
0.68,0.31
0.68,0.31
0.68,0.31
0.68,0.31
0.68,0.31
0.68,0.31
0.68,0.31
0.68,0.31
0.68,0.31
0.68,0.31
0.68,0.31
0.68,0.31
0.68,0.31
0.68,0.31
0.68,0.31
0.68,0.31
0.68,0.31
0.68,0.31
0.68,0.31
0.68,0.31
0.68,0.31
0.68,0.31
0.68,0.31
0.68,0.31
0.68,0.31
0.68,0.31
0.68,0.31
0.68,0.31
0.68,0.31
0.68,0.31
0.68,0.31
0.68,0.31
0.68,0.31
0.68,0.31
0.68,0.31
0.68,0.31
0.68,0.31
0.68,0.31
0.68,0.31
0.68,0.31
0.68,0.31
0.68,0.31
0.68,0.31
0.68,0.31
0.68,0.31
0.68,0.31
0.68,0.31
0.68,0.31
0.68,0.31
0.68,0.31
0.68,0.31
0.68,0.31
0.68,0.31
0.68,0.31
0.68,0.31
0.68,0.31
0.68,0.31
0.68,0.31
0.68,0.31
0.68,0.31
0.68,0.31
0.68,0.31
0.68,0.31
0.68,0.31
0.68,0.31
0.68,0.31
0.68,0.31
0.68,0.31
0.68,0.31
0.68,0.31
0.68,0.31
0.68,0.31
0.68,0.31
0.68,0.31
0.68,0.31
0.68,0.31
0.68,0.31
0.68,0.31
0.68,0.31
0.68,0.31
0.68,0.31
0.68,0.31
0.68,0.31
0.68,0.31
0.68,0.31
0.68,0.31
0.68,0.31
0.68,0.31
0.68,0.31
0.68,0.31
0.68,0.31
0.68,0.31
0.68,0.31
0.68,0.31
0.68,0.31
0.68,0.31
0.68,0.31
0.68,0.31
0.68,0.31
0.68,0.31
0.68,0.31
0.68,0.31
0.68,0.31
0.68,0.31
0.68,0.31
0.68,0.31
0.68,0.31
0.68,0.31
0.68,0.31
0.68,0.31
0.68,0.31
0.68,0.31
0.68,0.31
0.68,0.31
0.68,0.31
0.68,0.31
0.68,0.31
0.68,0.31
0.68,0.31
0.68,0.31
0.68,0.31
0.68,0.31
0.68,0.31
0.68,0.31
0.68,0.31
0.68,0.31
0.68,0.31
0.68,0.31
0.68,0.31
0.68,0.31
0.68,0.31
0.68,0.31
0.68,0.31
0.68,0.31
0.68,0.31
0.68,0.31
0.68,0.31
0.68,0.31
0.68,0.31
0.68,0.31
0.68,0.31
0.68,0.31
0.68,0.31
0.68,0.31
0.68,0.31
0.68,0.31
0.68,0.31
0.68,0.31
0.68,0.31
0.68,0.31
0.68,0.31
0.68,0.31
0.68,0.31
0.68,0.31
0.68,0.31
0.68,0.31
0.68,0.31
0.68,0.31
0.68,0.31
0.68,0.31
0.74,0.31
0.74,0.31
0.74,0.31
0.74,0.31
0.74,0.31
0.74,0.31
0.74,0.31
0.74,0.31
0.74,0.31
0.74,0.31
0.74,0.31
0.74,0.31
0.74,0.31
0.74,0.31
0.74,0.31
0.74,0.31
0.74,0.31
0.74,0.31
0.74,0.31
0.74,0.31
0.74,0.31
0.74,0.31
0.74,0.31
0.74,0.31
0.74,0.31
0.74,0.31
0.74,0.31
0.74,0.31
0.74,0.31
0.74,0.31
0.74,0.31
0.74,0.31
0.74,0.31
0.74,0.31
0.74,0.31
0.74,0.31
0.74,0.31
0.74,0.31
0.74,0.31
0.74,0.31
0.74,0.31
0.74,0.31
0.74,0.31
0.74,0.31
0.74,0.31
0.74,0.31
0.74,0.31
0.74,0.31
0.74,0.31
0.74,0.31
0.74,0.31
0.74,0.31
0.74,0.31
0.74,0.31
0.74,0.31
0.74,0.31
0.74,0.31
0.74,0.31
0.74,0.31
0.74,0.31
0.74,0.31
0.74,0.31
0.74,0.31
0.74,0.31
0.74,0.31
0.74,0.31
0.74,0.31
0.74,0.31
0.74,0.31
0.74,0.31
0.74,0.31
0.74,0.31
0.74,0.31
0.74,0.31
0.74,0.31
0.74,0.31
0.74,0.31
0.74,0.31
0.74,0.31
0.74,0.31
0.74,0.31
0.74,0.31
0.74,0.31
0.74,0.31
0.74,0.31
0.74,0.31
0.74,0.31
0.74,0.31
0.74,0.31
0.74,0.31
0.74,0.31
0.74,0.31
0.74,0.31
0.74,0.31
0.74,0.31
0.74,0.31
0.74,0.31
0.74,0.31
0.74,0.31
0.74,0.31
0.74,0.31
0.74,0.31
0.74,0.31
0.74,0.31
0.74,0.31
0.74,0.31
0.74,0.31
0.74,0.31
0.74,0.31
0.74,0.31
0.74,0.31
0.74,0.31
0.74,0.31
0.74,0.31
0.74,0.31
0.74,0.31
0.74,0.31
0.74,0.31
0.74,0.31
0.74,0.31
0.74,0.31
0.74,0.31
0.74,0.31
0.74,0.31
0.74,0.31
0.74,0.31
0.74,0.31
0.74,0.31
0.74,0.31
0.74,0.31
0.74,0.31
0.74,0.31
0.74,0.31
0.74,0.31
0.74,0.31
0.74,0.31
0.74,0.31
0.74,0.31
0.74,0.31
0.74,0.31
0.74,0.31
0.74,0.31
0.74,0.31
0.74,0.31
0.74,0.31
0.74,0.31
0.74,0.31
0.74,0.31
0.74,0.31
0.74,0.31
0.74,0.31
0.74,0.31
0.74,0.31
0.74,0.31
0.74,0.31
0.74,0.31
0.74,0.31
0.74,0.31
0.74,0.31
0.74,0.31
0.74,0.31
0.74,0.31
0.74,0.31
0.74,0.31
0.74,0.31
0.74,0.31
0.74,0.31
0.74,0.31
0.74,0.31
0.74,0.31
0.74,0.31
0.74,0.31
0.74,0.31
0.74,0.31
0.74,0.31
0.74,0.31
0.74,0.31
0.74,0.31
0.74,0.31
0.74,0.31
0.74,0.31
0.74,0.31
0.74,0.31
0.74,0.31
0.74,0.31
0.74,0.31
0.74,0.31
0.74,0.31
0.74,0.31
0.74,0.31
0.74,0.31
0.74,0.31
0.74,0.31
0.74,0.31
0.74,0.31
0.74,0.31
0.74,0.31
0.74,0.31
0.74,0.31
0.74,0.31
0.74,0.31
0.74,0.31
0.74,0.31
0.74,0.31
0.74,0.31
0.74,0.31
0.74,0.31
0.74,0.31
0.74,0.31
0.74,0.31
0.74,0.31
0.74,0.31
0.74,0.31
0.74,0.31
0.74,0.31
0.74,0.31
0.74,0.31
0.74,0.31
0.74,0.31
0.74,0.31
0.74,0.31
0.74,0.31
0.74,0.31
0.74,0.31
0.74,0.31
0.74,0.31
0.74,0.31
0.74,0.31
0.74,0.31
0.74,0.31
0.74,0.31
0.74,0.31
0.74,0.31
0.74,0.31
0.74,0.31
0.74,0.31
0.74,0.31
0.74,0.31
0.74,0.31
0.74,0.31
0.74,0.31
0.74,0.31
0.74,0.31
0.74,0.31
0.74,0.31
0.74,0.31
0.74,0.31
0.74,0.31
0.74,0.31
0.74,0.31
0.74,0.31
0.74,0.31
0.74,0.31
0.74,0.31
0.74,0.31
0.74,0.31
0.74,0.31
0.74,0.31
0.74,0.31
0.74,0.31
0.74,0.31
0.74,0.31
0.74,0.31
0.74,0.31
0.74,0.31
0.74,0.31
0.74,0.31
0.74,0.31
0.74,0.31
0.74,0.31
0.74,0.31
0.74,0.31
0.74,0.31
0.74,0.31
0.74,0.31
0.74,0.31
0.74,0.31
0.74,0.31
0.74,0.31
0.74,0.31
0.74,0.31
0.74,0.31
0.74,0.31
0.74,0.31
0.74,0.31
0.74,0.31
0.74,0.31
0.74,0.31
0.74,0.31
0.74,0.31
0.74,0.31
0.74,0.31
0.74,0.31
0.74,0.31
0.74,0.31
0.74,0.31
0.74,0.31
0.74,0.31
0.74,0.31
0.74,0.31
0.74,0.31
0.74,0.31
0.74,0.31
0.74,0.31
0.74,0.31
0.74,0.31
0.74,0.31
0.74,0.31
0.74,0.31
0.74,0.31
0.74,0.31
0.74,0.31
0.74,0.31
0.74,0.31
0.74,0.31
0.74,0.31
0.74,0.31
0.74,0.31
0.74,0.31
0.74,0.31
0.74,0.31
0.74,0.31
0.74,0.31
0.74,0.31
0.74,0.31
0.74,0.31
0.74,0.31
0.74,0.31
0.74,0.31
0.74,0.31
0.74,0.31
0.74,0.31
0.74,0.31
0.74,0.31
0.74,0.31
0.74,0.31
0.74,0.31
0.74,0.31
0.74,0.31
0.74,0.31
0.74,0.31
0.74,0.31
0.74,0.31
0.74,0.31
0.74,0.31
0.74,0.31
0.74,0.31
0.74,0.31
0.74,0.31
0.74,0.31
0.74,0.31
0.74,0.31
0.74,0.31
0.74,0.31
0.74,0.31
0.74,0.31
0.74,0.31
0.74,0.31
0.74,0.31
0.74,0.31
0.74,0.31
0.74,0.31
0.74,0.31
0.74,0.31
0.74,0.31
0.74,0.31
0.74,0.31
0.74,0.31
0.74,0.31
0.74,0.31
0.74,0.31
0.74,0.31
0.74,0.31
0.74,0.31
0.74,0.31
0.74,0.31
0.74,0.31
0.74,0.31
0.74,0.31
0.74,0.31
0.74,0.31
0.74,0.31
0.74,0.31
0.74,0.31
0.74,0.31
0.74,0.31
0.74,0.31
0.74,0.31
0.74,0.31
0.74,0.31
0.74,0.31
0.74,0.31
0.74,0.31
0.74,0.31
0.74,0.31
0.74,0.31
0.74,0.31
0.74,0.31
0.74,0.31
0.74,0.31
0.74,0.31
0.74,0.31
0.74,0.31
0.74,0.31
0.74,0.31
0.74,0.31
0.74,0.31
0.74,0.31
0.74,0.31
0.74,0.31
0.74,0.31
0.74,0.31
0.74,0.31
0.74,0.31
0.74,0.31
0.74,0.31
0.74,0.31
0.74,0.31
0.74,0.31
0.74,0.31
0.74,0.31
0.74,0.31
0.74,0.31
0.74,0.31
0.74,0.31
0.74,0.31
0.74,0.31
0.74,0.31
0.74,0.31
0.74,0.31
0.74,0.31
0.74,0.31
0.74,0.31
0.74,0.31
0.74,0.31
0.74,0.31
0.74,0.31
0.74,0.31
0.74,0.31
0.74,0.31
0.74,0.31
0.74,0.31
0.74,0.31
0.74,0.31
0.74,0.31
0.74,0.31
0.74,0.31
0.74,0.31
0.74,0.31
0.74,0.31
0.74,0.31
0.74,0.31
0.74,0.31
0.74,0.31
0.74,0.31
0.74,0.31
0.74,0.31
0.74,0.31
0.74,0.31
0.74,0.31
0.74,0.31
0.74,0.31
0.74,0.31
0.74,0.31
0.74,0.31
0.74,0.31
0.74,0.31
0.74,0.31
0.74,0.31
0.74,0.31
0.74,0.31
0.74,0.31
0.74,0.31
0.74,0.31
0.74,0.31
0.74,0.31
0.74,0.31
0.74,0.31
0.74,0.31
0.74,0.31
0.74,0.31
0.74,0.31
0.74,0.31
0.74,0.31
0.74,0.31
0.74,0.31
0.74,0.31
0.74,0.31
0.74,0.31
0.74,0.31
0.74,0.31
0.74,0.31
0.74,0.31
0.74,0.31
0.74,0.31
0.74,0.31
0.74,0.31
0.74,0.31
0.74,0.31
0.74,0.31
0.74,0.31
0.74,0.31
0.74,0.31
0.74,0.31
0.74,0.31
0.74,0.31
0.74,0.31
0.74,0.31
0.74,0.31
0.74,0.31
0.74,0.31
0.74,0.31
0.74,0.31
0.74,0.31
0.74,0.31
0.74,0.31
0.74,0.31
0.74,0.31
0.74,0.31
0.74,0.31
0.74,0.31
0.74,0.31
0.74,0.31
0.74,0.31
0.74,0.31
0.74,0.31
0.74,0.31
0.74,0.31
0.74,0.31
0.74,0.31
0.74,0.31
0.74,0.31
0.74,0.31
0.74,0.31
0.74,0.31
0.74,0.31
0.74,0.31
0.74,0.31
0.74,0.31
0.74,0.31
0.74,0.31
0.74,0.31
0.74,0.31
0.74,0.31
0.74,0.31
0.74,0.31
0.74,0.31
0.74,0.31
0.74,0.31
0.74,0.31
0.74,0.31
0.74,0.31
0.74,0.31
0.74,0.31
0.74,0.31
0.74,0.31
0.74,0.31
0.74,0.31
0.74,0.31
0.74,0.31
0.74,0.31
0.74,0.31
0.74,0.31
0.74,0.31
0.74,0.31
0.74,0.31
0.74,0.31
0.74,0.31
0.74,0.31
0.74,0.31
0.74,0.31
0.74,0.31
0.74,0.31
0.74,0.31
0.74,0.31
0.74,0.31
0.74,0.31
0.74,0.31
0.74,0.31
0.74,0.31
0.74,0.31
0.74,0.31
0.74,0.31
0.74,0.31
0.74,0.31
0.74,0.31
0.74,0.31
0.74,0.31
0.74,0.31
0.74,0.31
0.74,0.31
0.74,0.31
0.74,0.31
0.74,0.31
0.74,0.31
0.74,0.31
0.74,0.31
0.74,0.31
0.74,0.31
0.74,0.31
0.74,0.31
0.74,0.31
0.74,0.31
0.74,0.31
0.74,0.31
0.74,0.31
0.74,0.31
0.74,0.31
0.74,0.31
0.74,0.31
0.74,0.31
0.74,0.31
0.74,0.31
0.74,0.31
0.74,0.31
0.74,0.31
0.74,0.31
0.74,0.31
0.74,0.31
0.74,0.31
0.74,0.31
0.74,0.31
0.74,0.31
0.74,0.31
0.74,0.31
0.74,0.31
0.74,0.31
0.74,0.31
0.74,0.31
0.74,0.31
0.74,0.31
0.74,0.31
0.74,0.31
0.74,0.31
0.74,0.31
0.74,0.31
0.74,0.31
0.74,0.31
0.74,0.31
0.74,0.31
0.74,0.31
0.74,0.31
0.74,0.31
0.74,0.31
0.74,0.31
0.74,0.31
0.74,0.31
0.74,0.31
0.74,0.31
0.74,0.31
0.74,0.31
0.74,0.31
0.74,0.31
0.74,0.31
0.74,0.31
0.74,0.31
0.74,0.31
0.74,0.31
0.74,0.31
0.74,0.31
0.74,0.31
0.74,0.31
0.74,0.31
0.74,0.31
0.74,0.31
0.74,0.31
0.74,0.31
0.74,0.31
0.74,0.31
0.74,0.31
0.74,0.31
0.74,0.31
0.74,0.31
0.74,0.31
0.74,0.31
0.74,0.31
0.74,0.31
0.74,0.31
0.74,0.31
0.74,0.31
0.74,0.31
0.74,0.31
0.74,0.31
0.74,0.31
0.74,0.31
0.74,0.31
0.74,0.31
0.74,0.31
0.74,0.31
0.74,0.31
0.74,0.31
0.74,0.31
0.74,0.31
0.74,0.31
0.74,0.31
0.74,0.31
0.74,0.31
0.74,0.31
0.74,0.31
0.74,0.31
0.74,0.31
0.74,0.31
0.74,0.31
0.74,0.31
0.74,0.31
0.74,0.31
0.74,0.31
0.74,0.31
0.74,0.31
0.74,0.31
0.74,0.31
0.74,0.31
0.74,0.31
0.74,0.31
0.74,0.31
0.74,0.31
0.74,0.31
0.74,0.31
0.74,0.31
0.74,0.31
0.74,0.31
0.74,0.31
0.74,0.31
0.74,0.31
0.74,0.31
0.74,0.31
0.74,0.31
0.74,0.31
0.74,0.31
0.74,0.31
0.74,0.31
0.74,0.31
0.74,0.31
0.74,0.31
0.74,0.31
0.74,0.31
0.74,0.31
0.74,0.31
0.74,0.31
0.74,0.31
0.74,0.31
0.74,0.31
0.74,0.31
0.74,0.31
0.71,0.31
0.71,0.31
0.71,0.31
0.71,0.31
0.71,0.31
0.71,0.31
0.71,0.31
0.71,0.31
0.71,0.31
0.71,0.31
0.71,0.31
0.71,0.31
0.71,0.31
0.71,0.31
0.71,0.31
0.71,0.31
0.71,0.31
0.71,0.31
0.71,0.31
0.71,0.31
0.71,0.31
0.71,0.31
0.71,0.31
0.71,0.31
0.71,0.31
0.71,0.31
0.71,0.31
0.71,0.31
0.71,0.31
0.71,0.31
0.71,0.31
0.71,0.31
0.71,0.31
0.71,0.31
0.71,0.31
0.71,0.31
0.71,0.31
0.71,0.31
0.71,0.31
0.71,0.31
0.71,0.31
0.71,0.31
0.71,0.31
0.71,0.31
0.71,0.31
0.71,0.31
0.71,0.31
0.71,0.31
0.71,0.31
0.71,0.31
0.71,0.31
0.71,0.31
0.71,0.31
0.71,0.31
0.71,0.31
0.71,0.31
0.71,0.31
0.71,0.31
0.71,0.31
0.71,0.31
0.71,0.31
0.71,0.31
0.71,0.31
0.71,0.31
0.71,0.31
0.71,0.31
0.71,0.31
0.71,0.31
0.71,0.31
0.71,0.31
0.71,0.31
0.71,0.31
0.71,0.31
0.71,0.31
0.71,0.31
0.71,0.31
0.71,0.31
0.71,0.31
0.71,0.31
0.71,0.31
0.71,0.31
0.71,0.31
0.71,0.31
0.71,0.31
0.71,0.31
0.71,0.31
0.71,0.31
0.71,0.31
0.71,0.31
0.71,0.31
0.71,0.31
0.71,0.31
0.71,0.31
0.71,0.31
0.71,0.31
0.71,0.31
0.71,0.31
0.71,0.31
0.71,0.31
0.71,0.31
0.71,0.31
0.71,0.31
0.71,0.31
0.71,0.31
0.71,0.31
0.71,0.31
0.71,0.31
0.71,0.31
0.71,0.31
0.71,0.31
0.71,0.31
0.71,0.31
0.71,0.31
0.71,0.31
0.71,0.31
0.71,0.31
0.71,0.31
0.71,0.31
0.71,0.31
0.71,0.31
0.71,0.31
0.71,0.31
0.71,0.31
0.71,0.31
0.71,0.31
0.71,0.31
0.71,0.31
0.71,0.31
0.71,0.31
0.71,0.31
0.71,0.31
0.71,0.31
0.71,0.31
0.71,0.31
0.71,0.31
0.71,0.31
0.71,0.31
0.71,0.31
0.71,0.31
0.71,0.31
0.71,0.31
0.71,0.31
0.71,0.31
0.71,0.31
0.71,0.31
0.71,0.31
0.71,0.31
0.71,0.31
0.71,0.31
0.71,0.31
0.71,0.31
0.71,0.31
0.71,0.31
0.71,0.31
0.71,0.31
0.71,0.31
0.71,0.31
0.71,0.31
0.71,0.31
0.71,0.31
0.71,0.31
0.71,0.31
0.71,0.31
0.71,0.31
0.71,0.31
0.71,0.31
0.71,0.31
0.71,0.31
0.71,0.31
0.71,0.31
0.71,0.31
0.71,0.31
0.71,0.31
0.71,0.31
0.71,0.31
0.71,0.31
0.71,0.31
0.71,0.31
0.71,0.31
0.71,0.31
0.71,0.31
0.71,0.31
0.71,0.31
0.71,0.31
0.71,0.31
0.71,0.31
0.71,0.31
0.71,0.31
0.71,0.31
0.71,0.31
0.71,0.31
0.71,0.31
0.71,0.31
0.71,0.31
0.71,0.31
0.71,0.31
0.71,0.31
0.71,0.31
0.71,0.31
0.71,0.31
0.71,0.31
0.71,0.31
0.71,0.31
0.71,0.31
0.71,0.31
0.71,0.31
0.71,0.31
0.71,0.31
0.71,0.31
0.71,0.31
0.71,0.31
0.71,0.31
0.71,0.31
0.71,0.31
0.71,0.31
0.71,0.31
0.71,0.31
0.71,0.31
0.71,0.31
0.71,0.31
0.71,0.31
0.71,0.31
0.71,0.31
0.71,0.31
0.71,0.31
0.71,0.31
0.71,0.31
0.71,0.31
0.71,0.31
0.71,0.31
0.71,0.31
0.71,0.31
0.71,0.31
0.71,0.31
0.71,0.31
0.71,0.31
0.71,0.31
0.71,0.31
0.71,0.31
0.71,0.31
0.71,0.31
0.71,0.31
0.71,0.31
0.71,0.31
0.71,0.31
0.71,0.31
0.71,0.31
0.71,0.31
0.71,0.31
0.71,0.31
0.71,0.31
0.71,0.31
0.71,0.31
0.71,0.31
0.71,0.31
0.71,0.31
0.71,0.31
0.71,0.31
0.71,0.31
0.71,0.31
0.71,0.31
0.71,0.31
0.71,0.31
0.71,0.31
0.71,0.31
0.71,0.31
0.71,0.31
0.71,0.31
0.71,0.31
0.71,0.31
0.71,0.31
0.71,0.31
0.71,0.31
0.71,0.31
0.71,0.31
0.71,0.31
0.71,0.31
0.71,0.31
0.71,0.31
0.71,0.31
0.71,0.31
0.71,0.31
0.71,0.31
0.71,0.31
0.71,0.31
0.71,0.31
0.71,0.31
0.71,0.31
0.71,0.31
0.71,0.31
0.71,0.31
0.71,0.31
0.71,0.31
0.71,0.31
0.71,0.31
0.71,0.31
0.71,0.31
0.71,0.31
0.71,0.31
0.71,0.31
0.71,0.31
0.71,0.31
0.71,0.31
0.71,0.31
0.71,0.31
0.71,0.31
0.71,0.31
0.71,0.31
0.71,0.31
0.71,0.31
0.71,0.31
0.71,0.31
0.71,0.31
0.71,0.31
0.71,0.31
0.71,0.31
0.71,0.31
0.71,0.31
0.71,0.31
0.71,0.31
0.71,0.31
0.71,0.31
0.71,0.31
0.71,0.31
0.71,0.31
0.71,0.31
0.71,0.31
0.71,0.31
0.71,0.31
0.71,0.31
0.71,0.31
0.71,0.31
0.71,0.31
0.71,0.31
0.71,0.31
0.71,0.31
0.71,0.31
0.71,0.31
0.71,0.31
0.71,0.31
0.71,0.31
0.71,0.31
0.71,0.31
0.71,0.31
0.71,0.31
0.71,0.31
0.71,0.31
0.71,0.31
0.71,0.31
0.71,0.31
0.71,0.31
0.71,0.31
0.71,0.31
0.71,0.31
0.71,0.31
0.71,0.31
0.71,0.31
0.71,0.31
0.71,0.31
0.71,0.31
0.71,0.31
0.71,0.31
0.71,0.31
0.71,0.31
0.71,0.31
0.71,0.31
0.71,0.31
0.71,0.31
0.71,0.31
0.71,0.31
0.71,0.31
0.71,0.31
0.71,0.31
0.71,0.31
0.71,0.31
0.71,0.31
0.71,0.31
0.71,0.31
0.71,0.31
0.71,0.31
0.71,0.31
0.71,0.31
0.71,0.31
0.71,0.31
0.71,0.31
0.71,0.31
0.71,0.31
0.71,0.31
0.71,0.31
0.71,0.31
0.71,0.31
0.71,0.31
0.71,0.31
0.71,0.31
0.71,0.31
0.71,0.31
0.71,0.31
0.71,0.31
0.71,0.31
0.71,0.31
0.71,0.31
0.71,0.31
0.71,0.31
0.71,0.31
0.71,0.31
0.71,0.31
0.71,0.31
0.71,0.31
0.71,0.31
0.71,0.31
0.71,0.31
0.71,0.31
0.71,0.31
0.71,0.31
0.71,0.31
0.71,0.31
0.71,0.31
0.71,0.31
0.71,0.31
0.71,0.31
0.71,0.31
0.71,0.31
0.71,0.31
0.71,0.31
0.71,0.31
0.71,0.31
0.71,0.31
0.71,0.31
0.71,0.31
0.71,0.31
0.71,0.31
0.71,0.31
0.71,0.31
0.71,0.31
0.71,0.31
0.71,0.31
0.71,0.31
0.71,0.31
0.71,0.31
0.71,0.31
0.71,0.31
0.71,0.31
0.71,0.31
0.71,0.31
0.71,0.31
0.71,0.31
0.71,0.31
0.71,0.31
0.71,0.31
0.71,0.31
0.71,0.31
0.71,0.31
0.71,0.31
0.71,0.31
0.71,0.31
0.71,0.31
0.71,0.31
0.71,0.31
0.71,0.31
0.71,0.31
0.71,0.31
0.71,0.31
0.71,0.31
0.71,0.31
0.71,0.31
0.71,0.31
0.71,0.31
0.71,0.31
0.71,0.31
0.71,0.31
0.71,0.31
0.71,0.31
0.71,0.31
0.71,0.31
0.71,0.31
0.71,0.31
0.71,0.31
0.71,0.31
0.71,0.31
0.71,0.31
0.71,0.31
0.71,0.31
0.71,0.31
0.71,0.31
0.71,0.31
0.71,0.31
0.71,0.31
0.71,0.31
0.71,0.31
0.71,0.31
0.71,0.31
0.71,0.31
0.71,0.31
0.71,0.31
0.71,0.31
0.71,0.31
0.71,0.31
0.71,0.31
0.71,0.31
0.71,0.31
0.71,0.31
0.71,0.31
0.71,0.31
0.71,0.31
0.71,0.31
0.71,0.31
0.71,0.31
0.71,0.31
0.71,0.31
0.71,0.31
0.71,0.31
0.71,0.31
0.71,0.31
0.71,0.31
0.71,0.31
0.71,0.31
0.71,0.31
0.71,0.31
0.71,0.31
0.71,0.31
0.71,0.31
0.71,0.31
0.71,0.31
0.71,0.31
0.71,0.31
0.71,0.31
0.71,0.31
0.71,0.31
0.71,0.31
0.71,0.31
0.71,0.31
0.71,0.31
0.71,0.31
0.71,0.31
0.71,0.31
0.71,0.31
0.71,0.31
0.71,0.31
0.71,0.31
0.71,0.31
0.71,0.31
0.71,0.31
0.71,0.31
0.71,0.31
0.71,0.31
0.71,0.31
0.71,0.31
0.71,0.31
0.71,0.31
0.71,0.31
0.71,0.31
0.71,0.31
0.71,0.31
0.71,0.31
0.71,0.31
0.71,0.31
0.71,0.31
0.71,0.31
0.71,0.31
0.71,0.31
0.71,0.31
0.71,0.31
0.71,0.31
0.71,0.31
0.71,0.31
0.71,0.31
0.71,0.31
0.71,0.31
0.71,0.31
0.71,0.31
0.71,0.31
0.71,0.31
0.71,0.31
0.71,0.31
0.71,0.31
0.71,0.31
0.71,0.31
0.71,0.31
0.71,0.31
0.71,0.31
0.71,0.31
0.71,0.31
0.71,0.31
0.71,0.31
0.71,0.31
0.71,0.31
0.71,0.31
0.71,0.31
0.71,0.31
0.71,0.31
0.71,0.31
0.71,0.31
0.71,0.31
0.71,0.31
0.71,0.31
0.71,0.31
0.71,0.31
0.71,0.31
0.71,0.31
0.71,0.31
0.71,0.31
0.71,0.31
0.71,0.31
0.71,0.31
0.71,0.31
0.71,0.31
0.71,0.31
0.71,0.31
0.71,0.31
0.71,0.31
0.71,0.31
0.71,0.31
0.71,0.31
0.71,0.31
0.71,0.31
0.71,0.31
0.71,0.31
0.71,0.31
0.71,0.31
0.71,0.31
0.71,0.31
0.71,0.31
0.71,0.31
0.71,0.31
0.71,0.31
0.71,0.31
0.71,0.31
0.71,0.31
0.71,0.31
0.71,0.31
0.71,0.31
0.71,0.31
0.71,0.31
0.71,0.31
0.71,0.31
0.71,0.31
0.71,0.31
0.71,0.31
0.71,0.31
0.71,0.31
0.71,0.31
0.71,0.31
0.71,0.31
0.71,0.31
0.71,0.31
0.71,0.31
0.71,0.31
0.71,0.31
0.71,0.31
0.71,0.31
0.71,0.31
0.71,0.31
0.71,0.31
0.71,0.31
0.71,0.31
0.71,0.31
0.71,0.31
0.71,0.31
0.71,0.31
0.71,0.31
0.71,0.31
0.71,0.31
0.71,0.31
0.71,0.31
0.71,0.31
0.71,0.31
0.71,0.31
0.71,0.31
0.71,0.31
0.71,0.31
0.71,0.31
0.71,0.31
0.71,0.31
0.71,0.31
0.71,0.31
0.71,0.31
0.71,0.31
0.71,0.31
0.71,0.31
0.71,0.31
0.71,0.31
0.71,0.31
0.71,0.31
0.71,0.31
0.71,0.31
0.71,0.31
0.71,0.31
0.71,0.31
0.71,0.31
0.71,0.31
0.71,0.31
0.71,0.31
0.71,0.31
0.71,0.31
0.71,0.31
0.71,0.31
0.71,0.31
0.71,0.31
0.71,0.31
0.71,0.31
0.71,0.31
0.71,0.31
0.71,0.31
0.71,0.31
0.71,0.31
0.71,0.31
0.71,0.31
0.71,0.31
0.71,0.31
0.71,0.31
0.71,0.31
0.71,0.31
0.71,0.31
0.71,0.31
0.71,0.31
0.71,0.31
0.71,0.31
0.71,0.31
0.71,0.31
0.71,0.31
0.49,0.31
0.49,0.31
0.49,0.31
0.49,0.31
0.49,0.31
0.49,0.31
0.49,0.31
0.49,0.31
0.49,0.31
0.49,0.31
0.49,0.31
0.49,0.31
0.49,0.31
0.49,0.31
0.49,0.31
0.49,0.31
0.49,0.31
0.49,0.31
0.49,0.31
0.49,0.31
0.49,0.31
0.49,0.31
0.49,0.31
0.49,0.31
0.49,0.31
0.49,0.31
0.49,0.31
0.49,0.31
0.49,0.31
0.49,0.31
0.49,0.31
0.49,0.31
0.49,0.31
0.49,0.31
0.49,0.31
0.49,0.31
0.49,0.31
0.49,0.31
0.49,0.31
0.49,0.31
0.49,0.31
0.49,0.31
0.49,0.31
0.49,0.31
0.49,0.31
0.49,0.31
0.49,0.31
0.49,0.31
0.49,0.31
0.49,0.31
0.49,0.31
0.49,0.31
0.49,0.31
0.49,0.31
0.49,0.31
0.49,0.31
0.49,0.31
0.49,0.31
0.49,0.31
0.49,0.31
0.49,0.31
0.49,0.31
0.49,0.31
0.49,0.31
0.49,0.31
0.49,0.31
0.49,0.31
0.49,0.31
0.49,0.31
0.49,0.31
0.49,0.31
0.49,0.31
0.49,0.31
0.49,0.31
0.49,0.31
0.49,0.31
0.49,0.31
0.49,0.31
0.49,0.31
0.49,0.31
0.49,0.31
0.49,0.31
0.49,0.31
0.49,0.31
0.49,0.31
0.49,0.31
0.49,0.31
0.49,0.31
0.49,0.31
0.49,0.31
0.49,0.31
0.49,0.31
0.49,0.31
0.49,0.31
0.49,0.31
0.49,0.31
0.49,0.31
0.49,0.31
0.49,0.31
0.49,0.31
0.49,0.31
0.49,0.31
0.49,0.31
0.49,0.31
0.49,0.31
0.49,0.31
0.49,0.31
0.49,0.31
0.49,0.31
0.49,0.31
0.49,0.31
0.49,0.31
0.49,0.31
0.49,0.31
0.49,0.31
0.49,0.31
0.49,0.31
0.49,0.31
0.49,0.31
0.49,0.31
0.49,0.31
0.49,0.31
0.49,0.31
0.49,0.31
0.49,0.31
0.49,0.31
0.49,0.31
0.49,0.31
0.49,0.31
0.49,0.31
0.49,0.31
0.49,0.31
0.49,0.31
0.49,0.31
0.49,0.31
0.49,0.31
0.49,0.31
0.49,0.31
0.49,0.31
0.49,0.31
0.49,0.31
0.49,0.31
0.49,0.31
0.49,0.31
0.49,0.31
0.49,0.31
0.49,0.31
0.49,0.31
0.49,0.31
0.49,0.31
0.49,0.31
0.49,0.31
0.49,0.31
0.49,0.31
0.49,0.31
0.49,0.31
0.49,0.31
0.49,0.31
0.49,0.31
0.49,0.31
0.49,0.31
0.49,0.31
0.49,0.31
0.49,0.31
0.49,0.31
0.49,0.31
0.49,0.31
0.49,0.31
0.49,0.31
0.49,0.31
0.49,0.31
0.49,0.31
0.49,0.31
0.49,0.31
0.49,0.31
0.49,0.31
0.49,0.31
0.49,0.31
0.49,0.31
0.49,0.31
0.49,0.31
0.49,0.31
0.49,0.31
0.49,0.31
0.49,0.31
0.49,0.31
0.49,0.31
0.49,0.31
0.49,0.31
0.49,0.31
0.49,0.31
0.49,0.31
0.49,0.31
0.49,0.31
0.49,0.31
0.49,0.31
0.49,0.31
0.49,0.31
0.49,0.31
0.49,0.31
0.49,0.31
0.49,0.31
0.49,0.31
0.49,0.31
0.49,0.31
0.49,0.31
0.49,0.31
0.49,0.31
0.49,0.31
0.49,0.31
0.49,0.31
0.49,0.31
0.49,0.31
0.49,0.31
0.49,0.31
0.49,0.31
0.49,0.31
0.49,0.31
0.49,0.31
0.49,0.31
0.49,0.31
0.49,0.31
0.49,0.31
0.49,0.31
0.49,0.31
0.49,0.31
0.49,0.31
0.49,0.31
0.49,0.31
0.49,0.31
0.49,0.31
0.49,0.31
0.49,0.31
0.49,0.31
0.49,0.31
0.49,0.31
0.49,0.31
0.49,0.31
0.49,0.31
0.49,0.31
0.49,0.31
0.49,0.31
0.49,0.31
0.49,0.31
0.49,0.31
0.49,0.31
0.49,0.31
0.49,0.31
0.49,0.31
0.49,0.31
0.49,0.31
0.49,0.31
0.49,0.31
0.49,0.31
0.49,0.31
0.49,0.31
0.49,0.31
0.49,0.31
0.49,0.31
0.49,0.31
0.49,0.31
0.49,0.31
0.49,0.31
0.49,0.31
0.49,0.31
0.49,0.31
0.49,0.31
0.49,0.31
0.49,0.31
0.49,0.31
0.49,0.31
0.49,0.31
0.49,0.31
0.49,0.31
0.49,0.31
0.49,0.31
0.49,0.31
0.49,0.31
0.49,0.31
0.49,0.31
0.49,0.31
0.49,0.31
0.49,0.31
0.49,0.31
0.49,0.31
0.49,0.31
0.49,0.31
0.49,0.31
0.49,0.31
0.49,0.31
0.49,0.31
0.49,0.31
0.49,0.31
0.49,0.31
0.49,0.31
0.49,0.31
0.49,0.31
0.49,0.31
0.49,0.31
0.49,0.31
0.49,0.31
0.49,0.31
0.49,0.31
0.49,0.31
0.49,0.31
0.49,0.31
0.49,0.31
0.49,0.31
0.49,0.31
0.49,0.31
0.49,0.31
0.49,0.31
0.49,0.31
0.49,0.31
0.49,0.31
0.49,0.31
0.49,0.31
0.49,0.31
0.49,0.31
0.49,0.31
0.49,0.31
0.49,0.31
0.49,0.31
0.49,0.31
0.49,0.31
0.49,0.31
0.49,0.31
0.49,0.31
0.49,0.31
0.49,0.31
0.49,0.31
0.49,0.31
0.49,0.31
0.49,0.31
0.49,0.31
0.49,0.31
0.49,0.31
0.49,0.31
0.49,0.31
0.49,0.31
0.49,0.31
0.49,0.31
0.49,0.31
0.49,0.31
0.49,0.31
0.49,0.31
0.49,0.31
0.49,0.31
0.49,0.31
0.49,0.31
0.49,0.31
0.49,0.31
0.49,0.31
0.49,0.31
0.49,0.31
0.49,0.31
0.49,0.31
0.49,0.31
0.49,0.31
0.49,0.31
0.49,0.31
0.49,0.31
0.49,0.31
0.49,0.31
0.49,0.31
0.49,0.31
0.49,0.31
0.49,0.31
0.49,0.31
0.49,0.31
0.49,0.31
0.49,0.31
0.49,0.31
0.49,0.31
0.49,0.31
0.49,0.31
0.49,0.31
0.49,0.31
0.49,0.31
0.49,0.31
0.49,0.31
0.49,0.31
0.49,0.31
0.49,0.31
0.49,0.31
0.49,0.31
0.49,0.31
0.49,0.31
0.49,0.31
0.49,0.31
0.49,0.31
0.49,0.31
0.49,0.31
0.49,0.31
0.49,0.31
0.49,0.31
0.49,0.31
0.49,0.31
0.49,0.31
0.49,0.31
0.49,0.31
0.49,0.31
0.49,0.31
0.49,0.31
0.49,0.31
0.49,0.31
0.49,0.31
0.49,0.31
0.49,0.31
0.49,0.31
0.49,0.31
0.49,0.31
0.49,0.31
0.49,0.31
0.49,0.31
0.49,0.31
0.49,0.31
0.49,0.31
0.49,0.31
0.49,0.31
0.49,0.31
0.49,0.31
0.49,0.31
0.49,0.31
0.49,0.31
0.49,0.31
0.49,0.31
0.49,0.31
0.49,0.31
0.49,0.31
0.49,0.31
0.49,0.31
0.49,0.31
0.49,0.31
0.49,0.31
0.49,0.31
0.49,0.31
0.49,0.31
0.49,0.31
0.49,0.31
0.49,0.31
0.49,0.31
0.49,0.31
0.49,0.31
0.49,0.31
0.49,0.31
0.49,0.31
0.49,0.31
0.49,0.31
0.49,0.31
0.49,0.31
0.49,0.31
0.49,0.31
0.49,0.31
0.49,0.31
0.49,0.31
0.49,0.31
0.49,0.31
0.49,0.31
0.49,0.31
0.49,0.31
0.49,0.31
0.49,0.31
0.49,0.31
0.49,0.31
0.49,0.31
0.49,0.31
0.49,0.31
0.49,0.31
0.49,0.31
0.49,0.31
0.49,0.31
0.49,0.31
0.49,0.31
0.49,0.31
0.49,0.31
0.49,0.31
0.49,0.31
0.49,0.31
0.49,0.31
0.49,0.31
0.49,0.31
0.49,0.31
0.49,0.31
0.49,0.31
0.49,0.31
0.49,0.31
0.49,0.31
0.49,0.31
0.49,0.31
0.49,0.31
0.49,0.31
0.49,0.31
0.49,0.31
0.49,0.31
0.49,0.31
0.49,0.31
0.49,0.31
0.49,0.31
0.49,0.31
0.49,0.31
0.49,0.31
0.49,0.31
0.49,0.31
0.49,0.31
0.49,0.31
0.49,0.31
0.49,0.31
0.49,0.31
0.49,0.31
0.49,0.31
0.49,0.31
0.49,0.31
0.49,0.31
0.49,0.31
0.49,0.31
0.49,0.31
0.49,0.31
0.49,0.31
0.49,0.31
0.49,0.31
0.49,0.31
0.49,0.31
0.49,0.31
0.49,0.31
0.49,0.31
0.49,0.31
0.49,0.31
0.49,0.31
0.49,0.31
0.49,0.31
0.49,0.31
0.49,0.31
0.49,0.31
0.49,0.31
0.49,0.31
0.49,0.31
0.49,0.31
0.49,0.31
0.49,0.31
0.49,0.31
0.49,0.31
0.49,0.31
0.49,0.31
0.49,0.31
0.49,0.31
0.49,0.31
0.49,0.31
0.49,0.31
0.49,0.31
0.49,0.31
0.49,0.31
0.49,0.31
0.49,0.31
0.49,0.31
0.49,0.31
0.49,0.31
0.49,0.31
0.49,0.31
0.49,0.31
0.49,0.31
0.49,0.31
0.49,0.31
0.49,0.31
0.49,0.31
0.49,0.31
0.49,0.31
0.49,0.31
0.49,0.31
0.49,0.31
0.49,0.31
0.49,0.31
0.49,0.31
0.49,0.31
0.49,0.31
0.49,0.31
0.49,0.31
0.49,0.31
0.49,0.31
0.49,0.31
0.49,0.31
0.49,0.31
0.49,0.31
0.49,0.31
0.49,0.31
0.49,0.31
0.49,0.31
0.49,0.31
0.49,0.31
0.49,0.31
0.49,0.31
0.49,0.31
0.49,0.31
0.49,0.31
0.49,0.31
0.49,0.31
0.49,0.31
0.49,0.31
0.49,0.31
0.49,0.31
0.49,0.31
0.49,0.31
0.49,0.31
0.49,0.31
0.49,0.31
0.49,0.31
0.49,0.31
0.49,0.31
0.49,0.31
0.49,0.31
0.49,0.31
0.49,0.31
0.49,0.31
0.49,0.31
0.49,0.31
0.49,0.31
0.49,0.31
0.49,0.31
0.49,0.31
0.49,0.31
0.49,0.31
0.49,0.31
0.49,0.31
0.49,0.31
0.49,0.31
0.49,0.31
0.49,0.31
0.49,0.31
0.49,0.31
0.49,0.31
0.49,0.31
0.49,0.31
0.49,0.31
0.49,0.31
0.49,0.31
0.49,0.31
0.49,0.31
0.49,0.31
0.49,0.31
0.49,0.31
0.49,0.31
0.49,0.31
0.49,0.31
0.49,0.31
0.49,0.31
0.49,0.31
0.49,0.31
0.49,0.31
0.49,0.31
0.49,0.31
0.49,0.31
0.49,0.31
0.49,0.31
0.49,0.31
0.49,0.31
0.49,0.31
0.49,0.31
0.49,0.31
0.49,0.31
0.49,0.31
0.49,0.31
0.49,0.31
0.49,0.31
0.49,0.31
0.49,0.31
0.49,0.31
0.49,0.31
0.49,0.31
0.49,0.31
0.49,0.31
0.49,0.31
0.49,0.31
0.49,0.31
0.49,0.31
0.49,0.31
0.49,0.31
0.49,0.31
0.49,0.31
0.49,0.31
0.49,0.31
0.49,0.31
0.49,0.31
0.49,0.31
0.49,0.31
0.49,0.31
0.49,0.31
0.49,0.31
0.49,0.31
0.49,0.31
0.49,0.31
0.49,0.31
0.49,0.31
0.49,0.31
0.49,0.31
0.49,0.31
0.49,0.31
0.49,0.31
0.49,0.31
0.49,0.31
0.49,0.31
0.49,0.31
0.49,0.31
0.49,0.31
0.49,0.31
0.49,0.31
0.49,0.31
0.49,0.31
0.49,0.31
0.49,0.31
0.49,0.31
0.49,0.31
0.49,0.31
0.49,0.31
0.49,0.31
0.49,0.31
0.49,0.31
0.49,0.31
0.49,0.31
0.49,0.31
0.49,0.31
0.49,0.31
0.49,0.31
0.49,0.31
0.49,0.31
0.49,0.31
0.49,0.31
0.49,0.31
0.49,0.31
0.49,0.31
0.49,0.31
0.49,0.31
0.49,0.31
0.49,0.31
0.49,0.31
0.49,0.31
0.49,0.31
0.49,0.31
0.49,0.31
0.49,0.31
0.49,0.31
0.49,0.31
0.49,0.31
0.49,0.31
0.49,0.31
0.44,0.31
0.44,0.31
0.44,0.31
0.44,0.31
0.44,0.31
0.44,0.31
0.44,0.31
0.44,0.31
0.44,0.31
0.44,0.31
0.44,0.31
0.44,0.31
0.44,0.31
0.44,0.31
0.44,0.31
0.44,0.31
0.44,0.31
0.44,0.31
0.44,0.31
0.44,0.31
0.44,0.31
0.44,0.31
0.44,0.31
0.44,0.31
0.44,0.31
0.44,0.31
0.44,0.31
0.44,0.31
0.44,0.31
0.44,0.31
0.44,0.31
0.44,0.31
0.44,0.31
0.44,0.31
0.44,0.31
0.44,0.31
0.44,0.31
0.44,0.31
0.44,0.31
0.44,0.31
0.44,0.31
0.44,0.31
0.44,0.31
0.44,0.31
0.44,0.31
0.44,0.31
0.44,0.31
0.44,0.31
0.44,0.31
0.44,0.31
0.44,0.31
0.44,0.31
0.44,0.31
0.44,0.31
0.44,0.31
0.44,0.31
0.44,0.31
0.44,0.31
0.44,0.31
0.44,0.31
0.44,0.31
0.44,0.31
0.44,0.31
0.44,0.31
0.44,0.31
0.44,0.31
0.44,0.31
0.44,0.31
0.44,0.31
0.44,0.31
0.44,0.31
0.44,0.31
0.44,0.31
0.44,0.31
0.44,0.31
0.44,0.31
0.44,0.31
0.44,0.31
0.44,0.31
0.44,0.31
0.44,0.31
0.44,0.31
0.44,0.31
0.44,0.31
0.44,0.31
0.44,0.31
0.44,0.31
0.44,0.31
0.44,0.31
0.44,0.31
0.44,0.31
0.44,0.31
0.44,0.31
0.44,0.31
0.44,0.31
0.44,0.31
0.44,0.31
0.44,0.31
0.44,0.31
0.44,0.31
0.44,0.31
0.44,0.31
0.44,0.31
0.44,0.31
0.44,0.31
0.44,0.31
0.44,0.31
0.44,0.31
0.44,0.31
0.44,0.31
0.44,0.31
0.44,0.31
0.44,0.31
0.44,0.31
0.44,0.31
0.44,0.31
0.44,0.31
0.44,0.31
0.44,0.31
0.44,0.31
0.44,0.31
0.44,0.31
0.44,0.31
0.44,0.31
0.44,0.31
0.44,0.31
0.44,0.31
0.44,0.31
0.44,0.31
0.44,0.31
0.44,0.31
0.44,0.31
0.44,0.31
0.44,0.31
0.44,0.31
0.44,0.31
0.44,0.31
0.44,0.31
0.44,0.31
0.44,0.31
0.44,0.31
0.44,0.31
0.44,0.31
0.44,0.31
0.44,0.31
0.44,0.31
0.44,0.31
0.44,0.31
0.44,0.31
0.44,0.31
0.44,0.31
0.44,0.31
0.44,0.31
0.44,0.31
0.44,0.31
0.44,0.31
0.44,0.31
0.44,0.31
0.44,0.31
0.44,0.31
0.44,0.31
0.44,0.31
0.44,0.31
0.44,0.31
0.44,0.31
0.44,0.31
0.44,0.31
0.44,0.31
0.44,0.31
0.44,0.31
0.44,0.31
0.44,0.31
0.44,0.31
0.44,0.31
0.44,0.31
0.44,0.31
0.44,0.31
0.44,0.31
0.44,0.31
0.44,0.31
0.44,0.31
0.44,0.31
0.44,0.31
0.44,0.31
0.44,0.31
0.44,0.31
0.44,0.31
0.44,0.31
0.44,0.31
0.44,0.31
0.44,0.31
0.44,0.31
0.44,0.31
0.44,0.31
0.44,0.31
0.44,0.31
0.44,0.31
0.44,0.31
0.44,0.31
0.44,0.31
0.44,0.31
0.44,0.31
0.44,0.31
0.44,0.31
0.44,0.31
0.44,0.31
0.44,0.31
0.44,0.31
0.44,0.31
0.44,0.31
0.44,0.31
0.44,0.31
0.44,0.31
0.44,0.31
0.44,0.31
0.44,0.31
0.44,0.31
0.44,0.31
0.44,0.31
0.44,0.31
0.44,0.31
0.44,0.31
0.44,0.31
0.44,0.31
0.44,0.31
0.44,0.31
0.44,0.31
0.44,0.31
0.44,0.31
0.44,0.31
0.44,0.31
0.44,0.31
0.44,0.31
0.44,0.31
0.44,0.31
0.44,0.31
0.44,0.31
0.44,0.31
0.44,0.31
0.44,0.31
0.44,0.31
0.44,0.31
0.44,0.31
0.44,0.31
0.44,0.31
0.44,0.31
0.44,0.31
0.44,0.31
0.44,0.31
0.44,0.31
0.44,0.31
0.44,0.31
0.44,0.31
0.44,0.31
0.44,0.31
0.44,0.31
0.44,0.31
0.44,0.31
0.44,0.31
0.44,0.31
0.44,0.31
0.44,0.31
0.44,0.31
0.44,0.31
0.44,0.31
0.44,0.31
0.44,0.31
0.44,0.31
0.44,0.31
0.44,0.31
0.44,0.31
0.44,0.31
0.44,0.31
0.44,0.31
0.44,0.31
0.44,0.31
0.44,0.31
0.44,0.31
0.44,0.31
0.44,0.31
0.44,0.31
0.44,0.31
0.44,0.31
0.44,0.31
0.44,0.31
0.44,0.31
0.44,0.31
0.44,0.31
0.44,0.31
0.44,0.31
0.44,0.31
0.44,0.31
0.44,0.31
0.44,0.31
0.44,0.31
0.44,0.31
0.44,0.31
0.44,0.31
0.44,0.31
0.44,0.31
0.44,0.31
0.44,0.31
0.44,0.31
0.44,0.31
0.44,0.31
0.44,0.31
0.44,0.31
0.44,0.31
0.44,0.31
0.44,0.31
0.44,0.31
0.44,0.31
0.44,0.31
0.44,0.31
0.44,0.31
0.44,0.31
0.44,0.31
0.44,0.31
0.44,0.31
0.44,0.31
0.44,0.31
0.44,0.31
0.44,0.31
0.44,0.31
0.44,0.31
0.44,0.31
0.44,0.31
0.44,0.31
0.44,0.31
0.44,0.31
0.44,0.31
0.44,0.31
0.44,0.31
0.44,0.31
0.44,0.31
0.44,0.31
0.44,0.31
0.44,0.31
0.44,0.31
0.44,0.31
0.44,0.31
0.44,0.31
0.44,0.31
0.44,0.31
0.44,0.31
0.44,0.31
0.44,0.31
0.44,0.31
0.44,0.31
0.44,0.31
0.44,0.31
0.44,0.31
0.44,0.31
0.44,0.31
0.44,0.31
0.44,0.31
0.44,0.31
0.44,0.31
0.44,0.31
0.44,0.31
0.44,0.31
0.44,0.31
0.44,0.31
0.44,0.31
0.44,0.31
0.44,0.31
0.44,0.31
0.44,0.31
0.44,0.31
0.44,0.31
0.44,0.31
0.44,0.31
0.44,0.31
0.44,0.31
0.44,0.31
0.44,0.31
0.44,0.31
0.44,0.31
0.44,0.31
0.44,0.31
0.44,0.31
0.44,0.31
0.44,0.31
0.44,0.31
0.44,0.31
0.44,0.31
0.44,0.31
0.44,0.31
0.44,0.31
0.44,0.31
0.44,0.31
0.44,0.31
0.44,0.31
0.44,0.31
0.44,0.31
0.44,0.31
0.44,0.31
0.44,0.31
0.44,0.31
0.44,0.31
0.44,0.31
0.44,0.31
0.44,0.31
0.44,0.31
0.44,0.31
0.44,0.31
0.44,0.31
0.44,0.31
0.44,0.31
0.44,0.31
0.44,0.31
0.44,0.31
0.44,0.31
0.44,0.31
0.44,0.31
0.44,0.31
0.44,0.31
0.44,0.31
0.44,0.31
0.44,0.31
0.44,0.31
0.44,0.31
0.44,0.31
0.44,0.31
0.44,0.31
0.44,0.31
0.44,0.31
0.44,0.31
0.44,0.31
0.44,0.31
0.44,0.31
0.44,0.31
0.44,0.31
0.44,0.31
0.44,0.31
0.44,0.31
0.44,0.31
0.44,0.31
0.44,0.31
0.44,0.31
0.44,0.31
0.44,0.31
0.44,0.31
0.44,0.31
0.44,0.31
0.44,0.31
0.44,0.31
0.44,0.31
0.44,0.31
0.44,0.31
0.44,0.31
0.44,0.31
0.44,0.31
0.44,0.31
0.44,0.31
0.44,0.31
0.44,0.31
0.44,0.31
0.44,0.31
0.44,0.31
0.44,0.31
0.44,0.31
0.44,0.31
0.44,0.31
0.44,0.31
0.44,0.31
0.44,0.31
0.44,0.31
0.44,0.31
0.44,0.31
0.44,0.31
0.44,0.31
0.44,0.31
0.44,0.31
0.44,0.31
0.44,0.31
0.44,0.31
0.44,0.31
0.44,0.31
0.44,0.31
0.44,0.31
0.44,0.31
0.44,0.31
0.44,0.31
0.44,0.31
0.44,0.31
0.44,0.31
0.44,0.31
0.44,0.31
0.44,0.31
0.44,0.31
0.44,0.31
0.44,0.31
0.44,0.31
0.44,0.31
0.44,0.31
0.44,0.31
0.44,0.31
0.44,0.31
0.44,0.31
0.44,0.31
0.44,0.31
0.44,0.31
0.44,0.31
0.44,0.31
0.44,0.31
0.44,0.31
0.44,0.31
0.44,0.31
0.44,0.31
0.44,0.31
0.44,0.31
0.44,0.31
0.44,0.31
0.44,0.31
0.44,0.31
0.44,0.31
0.44,0.31
0.44,0.31
0.44,0.31
0.44,0.31
0.44,0.31
0.44,0.31
0.44,0.31
0.44,0.31
0.44,0.31
0.44,0.31
0.44,0.31
0.44,0.31
0.44,0.31
0.44,0.31
0.44,0.31
0.44,0.31
0.44,0.31
0.44,0.31
0.44,0.31
0.44,0.31
0.44,0.31
0.44,0.31
0.44,0.31
0.44,0.31
0.44,0.31
0.44,0.31
0.44,0.31
0.44,0.31
0.44,0.31
0.44,0.31
0.44,0.31
0.44,0.31
0.44,0.31
0.44,0.31
0.44,0.31
0.44,0.31
0.44,0.31
0.44,0.31
0.44,0.31
0.44,0.31
0.44,0.31
0.44,0.31
0.44,0.31
0.44,0.31
0.44,0.31
0.44,0.31
0.44,0.31
0.44,0.31
0.44,0.31
0.44,0.31
0.44,0.31
0.44,0.31
0.44,0.31
0.44,0.31
0.44,0.31
0.44,0.31
0.44,0.31
0.44,0.31
0.44,0.31
0.44,0.31
0.44,0.31
0.44,0.31
0.44,0.31
0.44,0.31
0.44,0.31
0.44,0.31
0.44,0.31
0.44,0.31
0.44,0.31
0.44,0.31
0.44,0.31
0.44,0.31
0.44,0.31
0.44,0.31
0.44,0.31
0.44,0.31
0.44,0.31
0.44,0.31
0.44,0.31
0.44,0.31
0.44,0.31
0.44,0.31
0.44,0.31
0.44,0.31
0.44,0.31
0.44,0.31
0.44,0.31
0.44,0.31
0.44,0.31
0.44,0.31
0.44,0.31
0.44,0.31
0.44,0.31
0.44,0.31
0.44,0.31
0.44,0.31
0.44,0.31
0.44,0.31
0.44,0.31
0.44,0.31
0.44,0.31
0.44,0.31
0.44,0.31
0.44,0.31
0.44,0.31
0.44,0.31
0.44,0.31
0.44,0.31
0.44,0.31
0.44,0.31
0.44,0.31
0.44,0.31
0.44,0.31
0.44,0.31
0.44,0.31
0.44,0.31
0.44,0.31
0.44,0.31
0.44,0.31
0.44,0.31
0.44,0.31
0.44,0.31
0.44,0.31
0.44,0.31
0.44,0.31
0.44,0.31
0.44,0.31
0.44,0.31
0.44,0.31
0.44,0.31
0.44,0.31
0.44,0.31
0.44,0.31
0.44,0.31
0.44,0.31
0.44,0.31
0.44,0.31
0.44,0.31
0.44,0.31
0.44,0.31
0.44,0.31
0.44,0.31
0.44,0.31
0.44,0.31
0.44,0.31
0.44,0.31
0.44,0.31
0.44,0.31
0.44,0.31
0.44,0.31
0.44,0.31
0.44,0.31
0.44,0.31
0.44,0.31
0.44,0.31
0.44,0.31
0.44,0.31
0.44,0.31
0.44,0.31
0.44,0.31
0.44,0.31
0.44,0.31
0.44,0.31
0.44,0.31
0.44,0.31
0.44,0.31
0.44,0.31
0.44,0.31
0.44,0.31
0.44,0.31
0.44,0.31
0.44,0.31
0.44,0.31
0.44,0.31
0.44,0.31
0.44,0.31
0.44,0.31
0.44,0.31
0.44,0.31
0.44,0.31
0.44,0.31
0.44,0.31
0.44,0.31
0.44,0.31
0.44,0.31
0.44,0.31
0.44,0.31
0.44,0.31
0.44,0.31
0.44,0.31
0.44,0.31
0.44,0.31
0.44,0.31
0.44,0.31
0.44,0.31
0.44,0.31
0.44,0.31
0.44,0.31
0.44,0.31
0.44,0.31
0.44,0.31
0.44,0.31
0.44,0.31
0.44,0.31
0.44,0.31
0.44,0.31
0.44,0.31
0.44,0.31
0.44,0.31
0.44,0.31
0.44,0.31
0.44,0.31
0.44,0.31
0.44,0.31
0.44,0.31
0.44,0.31
0.44,0.31
0.44,0.31
0.44,0.31
0.44,0.31
0.44,0.31
0.44,0.31
0.44,0.31
0.44,0.31
0.44,0.31
0.44,0.31
0.44,0.31
0.41,0.31
0.41,0.31
0.41,0.31
0.41,0.31
0.41,0.31
0.41,0.31
0.41,0.31
0.41,0.31
0.41,0.31
0.41,0.31
0.41,0.31
0.41,0.31
0.41,0.31
0.41,0.31
0.41,0.31
0.41,0.31
0.41,0.31
0.41,0.31
0.41,0.31
0.41,0.31
0.41,0.31
0.41,0.31
0.41,0.31
0.41,0.31
0.41,0.31
0.41,0.31
0.41,0.31
0.41,0.31
0.41,0.31
0.41,0.31
0.41,0.31
0.41,0.31
0.41,0.31
0.41,0.31
0.41,0.31
0.41,0.31
0.41,0.31
0.41,0.31
0.41,0.31
0.41,0.31
0.41,0.31
0.41,0.31
0.41,0.31
0.41,0.31
0.41,0.31
0.41,0.31
0.41,0.31
0.41,0.31
0.41,0.31
0.41,0.31
0.41,0.31
0.41,0.31
0.41,0.31
0.41,0.31
0.41,0.31
0.41,0.31
0.41,0.31
0.41,0.31
0.41,0.31
0.41,0.31
0.41,0.31
0.41,0.31
0.41,0.31
0.41,0.31
0.41,0.31
0.41,0.31
0.41,0.31
0.41,0.31
0.41,0.31
0.41,0.31
0.41,0.31
0.41,0.31
0.41,0.31
0.41,0.31
0.41,0.31
0.41,0.31
0.41,0.31
0.41,0.31
0.41,0.31
0.41,0.31
0.41,0.31
0.41,0.31
0.41,0.31
0.41,0.31
0.41,0.31
0.41,0.31
0.41,0.31
0.41,0.31
0.41,0.31
0.41,0.31
0.41,0.31
0.41,0.31
0.41,0.31
0.41,0.31
0.41,0.31
0.41,0.31
0.41,0.31
0.41,0.31
0.41,0.31
0.41,0.31
0.41,0.31
0.41,0.31
0.41,0.31
0.41,0.31
0.41,0.31
0.41,0.31
0.41,0.31
0.41,0.31
0.41,0.31
0.41,0.31
0.41,0.31
0.41,0.31
0.41,0.31
0.41,0.31
0.41,0.31
0.41,0.31
0.41,0.31
0.41,0.31
0.41,0.31
0.41,0.31
0.41,0.31
0.41,0.31
0.41,0.31
0.41,0.31
0.41,0.31
0.41,0.31
0.41,0.31
0.41,0.31
0.41,0.31
0.41,0.31
0.41,0.31
0.41,0.31
0.41,0.31
0.41,0.31
0.41,0.31
0.41,0.31
0.41,0.31
0.41,0.31
0.41,0.31
0.41,0.31
0.41,0.31
0.41,0.31
0.41,0.31
0.41,0.31
0.41,0.31
0.41,0.31
0.41,0.31
0.41,0.31
0.41,0.31
0.41,0.31
0.41,0.31
0.41,0.31
0.41,0.31
0.41,0.31
0.41,0.31
0.41,0.31
0.41,0.31
0.41,0.31
0.41,0.31
0.41,0.31
0.41,0.31
0.41,0.31
0.41,0.31
0.41,0.31
0.41,0.31
0.41,0.31
0.41,0.31
0.41,0.31
0.41,0.31
0.41,0.31
0.41,0.31
0.41,0.31
0.41,0.31
0.41,0.31
0.41,0.31
0.41,0.31
0.41,0.31
0.41,0.31
0.41,0.31
0.41,0.31
0.41,0.31
0.41,0.31
0.41,0.31
0.41,0.31
0.41,0.31
0.41,0.31
0.41,0.31
0.41,0.31
0.41,0.31
0.41,0.31
0.41,0.31
0.41,0.31
0.41,0.31
0.41,0.31
0.41,0.31
0.41,0.31
0.41,0.31
0.41,0.31
0.41,0.31
0.41,0.31
0.41,0.31
0.41,0.31
0.41,0.31
0.41,0.31
0.41,0.31
0.41,0.31
0.41,0.31
0.41,0.31
0.41,0.31
0.41,0.31
0.41,0.31
0.41,0.31
0.41,0.31
0.41,0.31
0.41,0.31
0.41,0.31
0.41,0.31
0.41,0.31
0.41,0.31
0.41,0.31
0.41,0.31
0.41,0.31
0.41,0.31
0.41,0.31
0.41,0.31
0.41,0.31
0.41,0.31
0.41,0.31
0.41,0.31
0.41,0.31
0.41,0.31
0.41,0.31
0.41,0.31
0.41,0.31
0.41,0.31
0.41,0.31
0.41,0.31
0.41,0.31
0.41,0.31
0.41,0.31
0.41,0.31
0.41,0.31
0.41,0.31
0.41,0.31
0.41,0.31
0.41,0.31
0.41,0.31
0.41,0.31
0.41,0.31
0.41,0.31
0.41,0.31
0.41,0.31
0.41,0.31
0.41,0.31
0.41,0.31
0.41,0.31
0.41,0.31
0.41,0.31
0.41,0.31
0.41,0.31
0.41,0.31
0.41,0.31
0.41,0.31
0.41,0.31
0.41,0.31
0.41,0.31
0.41,0.31
0.41,0.31
0.41,0.31
0.41,0.31
0.41,0.31
0.41,0.31
0.41,0.31
0.41,0.31
0.41,0.31
0.41,0.31
0.41,0.31
0.41,0.31
0.41,0.31
0.41,0.31
0.41,0.31
0.41,0.31
0.41,0.31
0.41,0.31
0.41,0.31
0.41,0.31
0.41,0.31
0.41,0.31
0.41,0.31
0.41,0.31
0.41,0.31
0.41,0.31
0.41,0.31
0.41,0.31
0.41,0.31
0.41,0.31
0.41,0.31
0.41,0.31
0.41,0.31
0.41,0.31
0.41,0.31
0.41,0.31
0.41,0.31
0.41,0.31
0.41,0.31
0.41,0.31
0.41,0.31
0.41,0.31
0.41,0.31
0.41,0.31
0.41,0.31
0.41,0.31
0.41,0.31
0.41,0.31
0.41,0.31
0.41,0.31
0.41,0.31
0.41,0.31
0.41,0.31
0.41,0.31
0.41,0.31
0.41,0.31
0.41,0.31
0.41,0.31
0.41,0.31
0.41,0.31
0.41,0.31
0.41,0.31
0.41,0.31
0.41,0.31
0.41,0.31
0.41,0.31
0.41,0.31
0.41,0.31
0.41,0.31
0.41,0.31
0.41,0.31
0.41,0.31
0.41,0.31
0.41,0.31
0.41,0.31
0.41,0.31
0.41,0.31
0.41,0.31
0.41,0.31
0.41,0.31
0.41,0.31
0.41,0.31
0.41,0.31
0.41,0.31
0.41,0.31
0.41,0.31
0.41,0.31
0.41,0.31
0.41,0.31
0.41,0.31
0.41,0.31
0.41,0.31
0.41,0.31
0.41,0.31
0.41,0.31
0.41,0.31
0.41,0.31
0.41,0.31
0.41,0.31
0.41,0.31
0.41,0.31
0.41,0.31
0.41,0.31
0.41,0.31
0.41,0.31
0.41,0.31
0.41,0.31
0.41,0.31
0.41,0.31
0.41,0.31
0.41,0.31
0.41,0.31
0.41,0.31
0.41,0.31
0.41,0.31
0.41,0.31
0.41,0.31
0.41,0.31
0.41,0.31
0.41,0.31
0.41,0.31
0.41,0.31
0.41,0.31
0.41,0.31
0.41,0.31
0.41,0.31
0.41,0.31
0.41,0.31
0.41,0.31
0.41,0.31
0.41,0.31
0.41,0.31
0.41,0.31
0.41,0.31
0.41,0.31
0.41,0.31
0.41,0.31
0.41,0.31
0.41,0.31
0.41,0.31
0.41,0.31
0.41,0.31
0.41,0.31
0.41,0.31
0.41,0.31
0.41,0.31
0.41,0.31
0.41,0.31
0.41,0.31
0.41,0.31
0.41,0.31
0.41,0.31
0.41,0.31
0.41,0.31
0.41,0.31
0.41,0.31
0.41,0.31
0.41,0.31
0.41,0.31
0.41,0.31
0.41,0.31
0.41,0.31
0.41,0.31
0.41,0.31
0.41,0.31
0.41,0.31
0.41,0.31
0.41,0.31
0.41,0.31
0.41,0.31
0.41,0.31
0.41,0.31
0.41,0.31
0.41,0.31
0.41,0.31
0.41,0.31
0.41,0.31
0.41,0.31
0.41,0.31
0.41,0.31
0.41,0.31
0.41,0.31
0.41,0.31
0.41,0.31
0.41,0.31
0.41,0.31
0.41,0.31
0.41,0.31
0.41,0.31
0.41,0.31
0.41,0.31
0.41,0.31
0.41,0.31
0.41,0.31
0.41,0.31
0.41,0.31
0.41,0.31
0.41,0.31
0.41,0.31
0.41,0.31
0.41,0.31
0.41,0.31
0.41,0.31
0.41,0.31
0.41,0.31
0.41,0.31
0.41,0.31
0.41,0.31
0.41,0.31
0.41,0.31
0.41,0.31
0.41,0.31
0.41,0.31
0.41,0.31
0.41,0.31
0.41,0.31
0.41,0.31
0.41,0.31
0.41,0.31
0.41,0.31
0.41,0.31
0.41,0.31
0.41,0.31
0.41,0.31
0.41,0.31
0.41,0.31
0.41,0.31
0.41,0.31
0.41,0.31
0.41,0.31
0.41,0.31
0.41,0.31
0.41,0.31
0.41,0.31
0.41,0.31
0.41,0.31
0.41,0.31
0.41,0.31
0.41,0.31
0.41,0.31
0.41,0.31
0.41,0.31
0.41,0.31
0.41,0.31
0.41,0.31
0.41,0.31
0.41,0.31
0.41,0.31
0.41,0.31
0.41,0.31
0.41,0.31
0.41,0.31
0.41,0.31
0.41,0.31
0.41,0.31
0.41,0.31
0.41,0.31
0.41,0.31
0.41,0.31
0.41,0.31
0.41,0.31
0.41,0.31
0.41,0.31
0.41,0.31
0.41,0.31
0.41,0.31
0.41,0.31
0.41,0.31
0.41,0.31
0.41,0.31
0.41,0.31
0.41,0.31
0.41,0.31
0.41,0.31
0.41,0.31
0.41,0.31
0.41,0.31
0.41,0.31
0.41,0.31
0.41,0.31
0.41,0.31
0.41,0.31
0.41,0.31
0.41,0.31
0.41,0.31
0.41,0.31
0.41,0.31
0.41,0.31
0.41,0.31
0.41,0.31
0.41,0.31
0.41,0.31
0.41,0.31
0.41,0.31
0.41,0.31
0.41,0.31
0.41,0.31
0.41,0.31
0.41,0.31
0.41,0.31
0.41,0.31
0.41,0.31
0.41,0.31
0.41,0.31
0.41,0.31
0.41,0.31
0.41,0.31
0.41,0.31
0.41,0.31
0.41,0.31
0.41,0.31
0.41,0.31
0.41,0.31
0.41,0.31
0.41,0.31
0.41,0.31
0.41,0.31
0.41,0.31
0.41,0.31
0.41,0.31
0.41,0.31
0.41,0.31
0.41,0.31
0.41,0.31
0.41,0.31
0.41,0.31
0.41,0.31
0.41,0.31
0.41,0.31
0.41,0.31
0.41,0.31
0.41,0.31
0.41,0.31
0.41,0.31
0.41,0.31
0.41,0.31
0.41,0.31
0.41,0.31
0.41,0.31
0.41,0.31
0.41,0.31
0.41,0.31
0.41,0.31
0.41,0.31
0.41,0.31
0.41,0.31
0.41,0.31
0.41,0.31
0.41,0.31
0.41,0.31
0.41,0.31
0.41,0.31
0.41,0.31
0.41,0.31
0.41,0.31
0.41,0.31
0.41,0.31
0.41,0.31
0.41,0.31
0.41,0.31
0.41,0.31
0.41,0.31
0.41,0.31
0.41,0.31
0.41,0.31
0.41,0.31
0.41,0.31
0.41,0.31
0.41,0.31
0.41,0.31
0.41,0.31
0.41,0.31
0.41,0.31
0.41,0.31
0.41,0.31
0.41,0.31
0.41,0.31
0.41,0.31
0.41,0.31
0.41,0.31
0.41,0.31
0.41,0.31
0.41,0.31
0.41,0.31
0.41,0.31
0.41,0.31
0.41,0.31
0.41,0.31
0.41,0.31
0.41,0.31
0.41,0.31
0.41,0.31
0.41,0.31
0.41,0.31
0.41,0.31
0.41,0.31
0.41,0.31
0.41,0.31
0.41,0.31
0.41,0.31
0.41,0.31
0.41,0.31
0.41,0.31
0.41,0.31
0.41,0.31
0.41,0.31
0.41,0.31
0.41,0.31
0.41,0.31
0.41,0.31
0.41,0.31
0.41,0.31
0.41,0.31
0.41,0.31
0.41,0.31
0.41,0.31
0.41,0.31
0.41,0.31
0.41,0.31
0.41,0.31
0.41,0.31
0.41,0.31
0.41,0.31
0.41,0.31
0.41,0.31
0.41,0.31
0.41,0.31
0.41,0.31
0.41,0.31
0.41,0.31
0.41,0.31
0.41,0.31
0.41,0.31
0.41,0.31
0.41,0.31
0.41,0.31
0.41,0.31
0.41,0.31
0.41,0.31
0.41,0.31
0.41,0.31
0.41,0.31
0.41,0.31
0.41,0.31
0.41,0.31
0.41,0.31
0.41,0.31
0.41,0.31
0.41,0.31
0.41,0.31
0.41,0.31
0.41,0.31
0.41,0.31
0.41,0.31
0.39,0.31
0.39,0.31
0.39,0.31
0.39,0.31
0.39,0.31
0.39,0.31
0.39,0.31
0.39,0.31
0.39,0.31
0.39,0.31
0.39,0.31
0.39,0.31
0.39,0.31
0.39,0.31
0.39,0.31
0.39,0.31
0.39,0.31
0.39,0.31
0.39,0.31
0.39,0.31
0.39,0.31
0.39,0.31
0.39,0.31
0.39,0.31
0.39,0.31
0.39,0.31
0.39,0.31
0.39,0.31
0.39,0.31
0.39,0.31
0.39,0.31
0.39,0.31
0.39,0.31
0.39,0.31
0.39,0.31
0.39,0.31
0.39,0.31
0.39,0.31
0.39,0.31
0.39,0.31
0.39,0.31
0.39,0.31
0.39,0.31
0.39,0.31
0.39,0.31
0.39,0.31
0.39,0.31
0.39,0.31
0.39,0.31
0.39,0.31
0.39,0.31
0.39,0.31
0.39,0.31
0.39,0.31
0.39,0.31
0.39,0.31
0.39,0.31
0.39,0.31
0.39,0.31
0.39,0.31
0.39,0.31
0.39,0.31
0.39,0.31
0.39,0.31
0.39,0.31
0.39,0.31
0.39,0.31
0.39,0.31
0.39,0.31
0.39,0.31
0.39,0.31
0.39,0.31
0.39,0.31
0.39,0.31
0.39,0.31
0.39,0.31
0.39,0.31
0.39,0.31
0.39,0.31
0.39,0.31
0.39,0.31
0.39,0.31
0.39,0.31
0.39,0.31
0.39,0.31
0.39,0.31
0.39,0.31
0.39,0.31
0.39,0.31
0.39,0.31
0.39,0.31
0.39,0.31
0.39,0.31
0.39,0.31
0.39,0.31
0.39,0.31
0.39,0.31
0.39,0.31
0.39,0.31
0.39,0.31
0.39,0.31
0.39,0.31
0.39,0.31
0.39,0.31
0.39,0.31
0.39,0.31
0.39,0.31
0.39,0.31
0.39,0.31
0.39,0.31
0.39,0.31
0.39,0.31
0.39,0.31
0.39,0.31
0.39,0.31
0.39,0.31
0.39,0.31
0.39,0.31
0.39,0.31
0.39,0.31
0.39,0.31
0.39,0.31
0.39,0.31
0.39,0.31
0.39,0.31
0.39,0.31
0.39,0.31
0.39,0.31
0.39,0.31
0.39,0.31
0.39,0.31
0.39,0.31
0.39,0.31
0.39,0.31
0.39,0.31
0.39,0.31
0.39,0.31
0.39,0.31
0.39,0.31
0.39,0.31
0.39,0.31
0.39,0.31
0.39,0.31
0.39,0.31
0.39,0.31
0.39,0.31
0.39,0.31
0.39,0.31
0.39,0.31
0.39,0.31
0.39,0.31
0.39,0.31
0.39,0.31
0.39,0.31
0.39,0.31
0.39,0.31
0.39,0.31
0.39,0.31
0.39,0.31
0.39,0.31
0.39,0.31
0.39,0.31
0.39,0.31
0.39,0.31
0.39,0.31
0.39,0.31
0.39,0.31
0.39,0.31
0.39,0.31
0.39,0.31
0.39,0.31
0.39,0.31
0.39,0.31
0.39,0.31
0.39,0.31
0.39,0.31
0.39,0.31
0.39,0.31
0.39,0.31
0.39,0.31
0.39,0.31
0.39,0.31
0.39,0.31
0.39,0.31
0.39,0.31
0.39,0.31
0.39,0.31
0.39,0.31
0.39,0.31
0.39,0.31
0.39,0.31
0.39,0.31
0.39,0.31
0.39,0.31
0.39,0.31
0.39,0.31
0.39,0.31
0.39,0.31
0.39,0.31
0.39,0.31
0.39,0.31
0.39,0.31
0.39,0.31
0.39,0.31
0.39,0.31
0.39,0.31
0.39,0.31
0.39,0.31
0.39,0.31
0.39,0.31
0.39,0.31
0.39,0.31
0.39,0.31
0.39,0.31
0.39,0.31
0.39,0.31
0.39,0.31
0.39,0.31
0.39,0.31
0.39,0.31
0.39,0.31
0.39,0.31
0.39,0.31
0.39,0.31
0.39,0.31
0.39,0.31
0.39,0.31
0.39,0.31
0.39,0.31
0.39,0.31
0.39,0.31
0.39,0.31
0.39,0.31
0.39,0.31
0.39,0.31
0.39,0.31
0.39,0.31
0.39,0.31
0.39,0.31
0.39,0.31
0.39,0.31
0.39,0.31
0.39,0.31
0.39,0.31
0.39,0.31
0.39,0.31
0.39,0.31
0.39,0.31
0.39,0.31
0.39,0.31
0.39,0.31
0.39,0.31
0.39,0.31
0.39,0.31
0.39,0.31
0.39,0.31
0.39,0.31
0.39,0.31
0.39,0.31
0.39,0.31
0.39,0.31
0.39,0.31
0.39,0.31
0.39,0.31
0.39,0.31
0.39,0.31
0.39,0.31
0.39,0.31
0.39,0.31
0.39,0.31
0.39,0.31
0.39,0.31
0.39,0.31
0.39,0.31
0.39,0.31
0.39,0.31
0.39,0.31
0.39,0.31
0.39,0.31
0.39,0.31
0.39,0.31
0.39,0.31
0.39,0.31
0.39,0.31
0.39,0.31
0.39,0.31
0.39,0.31
0.39,0.31
0.39,0.31
0.39,0.31
0.39,0.31
0.39,0.31
0.39,0.31
0.39,0.31
0.39,0.31
0.39,0.31
0.39,0.31
0.39,0.31
0.39,0.31
0.39,0.31
0.39,0.31
0.39,0.31
0.39,0.31
0.39,0.31
0.39,0.31
0.39,0.31
0.39,0.31
0.39,0.31
0.39,0.31
0.39,0.31
0.39,0.31
0.39,0.31
0.39,0.31
0.39,0.31
0.39,0.31
0.39,0.31
0.39,0.31
0.39,0.31
0.39,0.31
0.39,0.31
0.39,0.31
0.39,0.31
0.39,0.31
0.39,0.31
0.39,0.31
0.39,0.31
0.39,0.31
0.39,0.31
0.39,0.31
0.39,0.31
0.39,0.31
0.39,0.31
0.39,0.31
0.39,0.31
0.39,0.31
0.39,0.31
0.39,0.31
0.39,0.31
0.39,0.31
0.39,0.31
0.39,0.31
0.39,0.31
0.39,0.31
0.39,0.31
0.39,0.31
0.39,0.31
0.39,0.31
0.39,0.31
0.39,0.31
0.39,0.31
0.39,0.31
0.39,0.31
0.39,0.31
0.39,0.31
0.39,0.31
0.39,0.31
0.39,0.31
0.39,0.31
0.39,0.31
0.39,0.31
0.39,0.31
0.39,0.31
0.39,0.31
0.39,0.31
0.39,0.31
0.39,0.31
0.39,0.31
0.39,0.31
0.39,0.31
0.39,0.31
0.39,0.31
0.39,0.31
0.39,0.31
0.39,0.31
0.39,0.31
0.39,0.31
0.39,0.31
0.39,0.31
0.39,0.31
0.39,0.31
0.39,0.31
0.39,0.31
0.39,0.31
0.39,0.31
0.39,0.31
0.39,0.31
0.39,0.31
0.39,0.31
0.39,0.31
0.39,0.31
0.39,0.31
0.39,0.31
0.39,0.31
0.39,0.31
0.39,0.31
0.39,0.31
0.39,0.31
0.39,0.31
0.39,0.31
0.39,0.31
0.39,0.31
0.39,0.31
0.39,0.31
0.39,0.31
0.39,0.31
0.39,0.31
0.39,0.31
0.39,0.31
0.39,0.31
0.39,0.31
0.39,0.31
0.39,0.31
0.39,0.31
0.39,0.31
0.39,0.31
0.39,0.31
0.39,0.31
0.39,0.31
0.39,0.31
0.39,0.31
0.39,0.31
0.39,0.31
0.39,0.31
0.39,0.31
0.39,0.31
0.39,0.31
0.39,0.31
0.39,0.31
0.39,0.31
0.39,0.31
0.39,0.31
0.39,0.31
0.39,0.31
0.39,0.31
0.39,0.31
0.39,0.31
0.39,0.31
0.39,0.31
0.39,0.31
0.39,0.31
0.39,0.31
0.39,0.31
0.39,0.31
0.39,0.31
0.39,0.31
0.39,0.31
0.39,0.31
0.39,0.31
0.39,0.31
0.39,0.31
0.39,0.31
0.39,0.31
0.39,0.31
0.39,0.31
0.39,0.31
0.39,0.31
0.39,0.31
0.39,0.31
0.39,0.31
0.39,0.31
0.39,0.31
0.39,0.31
0.39,0.31
0.39,0.31
0.39,0.31
0.39,0.31
0.39,0.31
0.39,0.31
0.39,0.31
0.39,0.31
0.39,0.31
0.39,0.31
0.39,0.31
0.39,0.31
0.39,0.31
0.39,0.31
0.39,0.31
0.39,0.31
0.39,0.31
0.39,0.31
0.39,0.31
0.39,0.31
0.39,0.31
0.39,0.31
0.39,0.31
0.39,0.31
0.39,0.31
0.39,0.31
0.39,0.31
0.39,0.31
0.39,0.31
0.39,0.31
0.39,0.31
0.39,0.31
0.39,0.31
0.39,0.31
0.39,0.31
0.39,0.31
0.39,0.31
0.39,0.31
0.39,0.31
0.39,0.31
0.39,0.31
0.39,0.31
0.39,0.31
0.39,0.31
0.39,0.31
0.39,0.31
0.39,0.31
0.39,0.31
0.39,0.31
0.39,0.31
0.39,0.31
0.39,0.31
0.39,0.31
0.39,0.31
0.39,0.31
0.39,0.31
0.39,0.31
0.39,0.31
0.39,0.31
0.39,0.31
0.39,0.31
0.39,0.31
0.39,0.31
0.39,0.31
0.39,0.31
0.39,0.31
0.39,0.31
0.39,0.31
0.39,0.31
0.39,0.31
0.39,0.31
0.39,0.31
0.39,0.31
0.39,0.31
0.39,0.31
0.39,0.31
0.39,0.31
0.39,0.31
0.39,0.31
0.39,0.31
0.39,0.31
0.39,0.31
0.39,0.31
0.39,0.31
0.39,0.31
0.39,0.31
0.39,0.31
0.39,0.31
0.39,0.31
0.39,0.31
0.39,0.31
0.39,0.31
0.39,0.31
0.39,0.31
0.39,0.31
0.39,0.31
0.39,0.31
0.39,0.31
0.39,0.31
0.39,0.31
0.39,0.31
0.39,0.31
0.39,0.31
0.39,0.31
0.39,0.31
0.39,0.31
0.39,0.31
0.39,0.31
0.39,0.31
0.39,0.31
0.39,0.31
0.39,0.31
0.39,0.31
0.39,0.31
0.39,0.31
0.39,0.31
0.39,0.31
0.39,0.31
0.39,0.31
0.39,0.31
0.39,0.31
0.39,0.31
0.39,0.31
0.39,0.31
0.39,0.31
0.39,0.31
0.39,0.31
0.39,0.31
0.39,0.31
0.39,0.31
0.39,0.31
0.39,0.31
0.39,0.31
0.39,0.31
0.39,0.31
0.39,0.31
0.39,0.31
0.39,0.31
0.39,0.31
0.39,0.31
0.39,0.31
0.39,0.31
0.39,0.31
0.39,0.31
0.39,0.31
0.39,0.31
0.39,0.31
0.39,0.31
0.39,0.31
0.39,0.31
0.39,0.31
0.39,0.31
0.39,0.31
0.39,0.31
0.39,0.31
0.39,0.31
0.39,0.31
0.39,0.31
0.39,0.31
0.39,0.31
0.39,0.31
0.39,0.31
0.39,0.31
0.39,0.31
0.39,0.31
0.39,0.31
0.39,0.31
0.39,0.31
0.39,0.31
0.39,0.31
0.39,0.31
0.39,0.31
0.39,0.31
0.39,0.31
0.39,0.31
0.39,0.31
0.39,0.31
0.39,0.31
0.39,0.31
0.39,0.31
0.39,0.31
0.39,0.31
0.39,0.31
0.39,0.31
0.39,0.31
0.39,0.31
0.39,0.31
0.39,0.31
0.39,0.31
0.39,0.31
0.39,0.31
0.39,0.31
0.39,0.31
0.39,0.31
0.39,0.31
0.39,0.31
0.39,0.31
0.39,0.31
0.39,0.31
0.39,0.31
0.39,0.31
0.39,0.31
0.39,0.31
0.39,0.31
0.39,0.31
0.39,0.31
0.39,0.31
0.39,0.31
0.39,0.31
0.39,0.31
0.39,0.31
0.39,0.31
0.39,0.31
0.39,0.31
0.39,0.31
0.39,0.31
0.39,0.31
0.39,0.31
0.39,0.31
0.39,0.31
0.39,0.31
0.39,0.31
0.39,0.31
0.39,0.31
0.39,0.31
0.39,0.31
0.39,0.31
0.39,0.31
0.39,0.31
0.39,0.31
0.39,0.31
0.39,0.31
0.39,0.31
0.39,0.31
0.39,0.31
0.39,0.31
0.39,0.31
0.39,0.31
0.39,0.31
0.39,0.31
0.39,0.31
0.39,0.31
0.39,0.31
0.39,0.31
0.39,0.31
0.39,0.31
0.39,0.31
0.39,0.31
0.39,0.31
0.39,0.31
0.39,0.31
0.39,0.31
0.39,0.31
0.39,0.31
0.39,0.31
0.39,0.31
0.39,0.31
0.39,0.31
0.39,0.31
0.39,0.31
0.39,0.31
0.39,0.31
0.39,0.31
0.39,0.31
0.39,0.31
0.39,0.31
0.39,0.31
0.39,0.31
0.39,0.31
0.39,0.31
0.39,0.31
0.39,0.31
0.39,0.31
0.39,0.31
0.39,0.31
0.39,0.31
0.39,0.31
0.39,0.31
0.39,0.31
0.39,0.31
0.39,0.31
0.39,0.31
0.38,0.31
0.38,0.31
0.38,0.31
0.38,0.31
0.38,0.31
0.38,0.31
0.38,0.31
0.38,0.31
0.38,0.31
0.38,0.31
0.38,0.31
0.38,0.31
0.38,0.31
0.38,0.31
0.38,0.31
0.38,0.31
0.38,0.31
0.38,0.31
0.38,0.31
0.38,0.31
0.38,0.31
0.38,0.31
0.38,0.31
0.38,0.31
0.38,0.31
0.38,0.31
0.38,0.31
0.38,0.31
0.38,0.31
0.38,0.31
0.38,0.31
0.38,0.31
0.38,0.31
0.38,0.31
0.38,0.31
0.38,0.31
0.38,0.31
0.38,0.31
0.38,0.31
0.38,0.31
0.38,0.31
0.38,0.31
0.38,0.31
0.38,0.31
0.38,0.31
0.38,0.31
0.38,0.31
0.38,0.31
0.38,0.31
0.38,0.31
0.38,0.31
0.38,0.31
0.38,0.31
0.38,0.31
0.38,0.31
0.38,0.31
0.38,0.31
0.38,0.31
0.38,0.31
0.38,0.31
0.38,0.31
0.38,0.31
0.38,0.31
0.38,0.31
0.38,0.31
0.38,0.31
0.38,0.31
0.38,0.31
0.38,0.31
0.38,0.31
0.38,0.31
0.38,0.31
0.38,0.31
0.38,0.31
0.38,0.31
0.38,0.31
0.38,0.31
0.38,0.31
0.38,0.31
0.38,0.31
0.38,0.31
0.38,0.31
0.38,0.31
0.38,0.31
0.38,0.31
0.38,0.31
0.38,0.31
0.38,0.31
0.38,0.31
0.38,0.31
0.38,0.31
0.38,0.31
0.38,0.31
0.38,0.31
0.38,0.31
0.38,0.31
0.38,0.31
0.38,0.31
0.38,0.31
0.38,0.31
0.38,0.31
0.38,0.31
0.38,0.31
0.38,0.31
0.38,0.31
0.38,0.31
0.38,0.31
0.38,0.31
0.38,0.31
0.38,0.31
0.38,0.31
0.38,0.31
0.38,0.31
0.38,0.31
0.38,0.31
0.38,0.31
0.38,0.31
0.38,0.31
0.38,0.31
0.38,0.31
0.38,0.31
0.38,0.31
0.38,0.31
0.38,0.31
0.38,0.31
0.38,0.31
0.38,0.31
0.38,0.31
0.38,0.31
0.38,0.31
0.38,0.31
0.38,0.31
0.38,0.31
0.38,0.31
0.38,0.31
0.38,0.31
0.38,0.31
0.38,0.31
0.38,0.31
0.38,0.31
0.38,0.31
0.38,0.31
0.38,0.31
0.38,0.31
0.38,0.31
0.38,0.31
0.38,0.31
0.38,0.31
0.38,0.31
0.38,0.31
0.38,0.31
0.38,0.31
0.38,0.31
0.38,0.31
0.38,0.31
0.38,0.31
0.38,0.31
0.38,0.31
0.38,0.31
0.38,0.31
0.38,0.31
0.38,0.31
0.38,0.31
0.38,0.31
0.38,0.31
0.38,0.31
0.38,0.31
0.38,0.31
0.38,0.31
0.38,0.31
0.38,0.31
0.38,0.31
0.38,0.31
0.38,0.31
0.38,0.31
0.38,0.31
0.38,0.31
0.38,0.31
0.38,0.31
0.38,0.31
0.38,0.31
0.38,0.31
0.38,0.31
0.38,0.31
0.38,0.31
0.38,0.31
0.38,0.31
0.38,0.31
0.38,0.31
0.38,0.31
0.38,0.31
0.38,0.31
0.38,0.31
0.38,0.31
0.38,0.31
0.38,0.31
0.38,0.31
0.38,0.31
0.38,0.31
0.38,0.31
0.38,0.31
0.38,0.31
0.38,0.31
0.38,0.31
0.38,0.31
0.38,0.31
0.38,0.31
0.38,0.31
0.38,0.31
0.38,0.31
0.38,0.31
0.38,0.31
0.38,0.31
0.38,0.31
0.38,0.31
0.38,0.31
0.38,0.31
0.38,0.31
0.38,0.31
0.38,0.31
0.38,0.31
0.38,0.31
0.38,0.31
0.38,0.31
0.38,0.31
0.38,0.31
0.38,0.31
0.38,0.31
0.38,0.31
0.38,0.31
0.38,0.31
0.38,0.31
0.38,0.31
0.38,0.31
0.38,0.31
0.38,0.31
0.38,0.31
0.38,0.31
0.38,0.31
0.38,0.31
0.38,0.31
0.38,0.31
0.38,0.31
0.38,0.31
0.38,0.31
0.38,0.31
0.38,0.31
0.38,0.31
0.38,0.31
0.38,0.31
0.38,0.31
0.38,0.31
0.38,0.31
0.38,0.31
0.38,0.31
0.38,0.31
0.38,0.31
0.38,0.31
0.38,0.31
0.38,0.31
0.38,0.31
0.38,0.31
0.38,0.31
0.38,0.31
0.38,0.31
0.38,0.31
0.38,0.31
0.38,0.31
0.38,0.31
0.38,0.31
0.38,0.31
0.38,0.31
0.38,0.31
0.38,0.31
0.38,0.31
0.38,0.31
0.38,0.31
0.38,0.31
0.38,0.31
0.38,0.31
0.38,0.31
0.38,0.31
0.38,0.31
0.38,0.31
0.38,0.31
0.38,0.31
0.38,0.31
0.38,0.31
0.38,0.31
0.38,0.31
0.38,0.31
0.38,0.31
0.38,0.31
0.38,0.31
0.38,0.31
0.38,0.31
0.38,0.31
0.38,0.31
0.38,0.31
0.38,0.31
0.38,0.31
0.38,0.31
0.38,0.31
0.38,0.31
0.38,0.31
0.38,0.31
0.38,0.31
0.38,0.31
0.38,0.31
0.38,0.31
0.38,0.31
0.38,0.31
0.38,0.31
0.38,0.31
0.38,0.31
0.38,0.31
0.38,0.31
0.38,0.31
0.38,0.31
0.38,0.31
0.38,0.31
0.38,0.31
0.38,0.31
0.38,0.31
0.38,0.31
0.38,0.31
0.38,0.31
0.38,0.31
0.38,0.31
0.38,0.31
0.38,0.31
0.38,0.31
0.38,0.31
0.38,0.31
0.38,0.31
0.38,0.31
0.38,0.31
0.38,0.31
0.38,0.31
0.38,0.31
0.38,0.31
0.38,0.31
0.38,0.31
0.38,0.31
0.38,0.31
0.38,0.31
0.38,0.31
0.38,0.31
0.38,0.31
0.38,0.31
0.38,0.31
0.38,0.31
0.38,0.31
0.38,0.31
0.38,0.31
0.38,0.31
0.38,0.31
0.38,0.31
0.38,0.31
0.38,0.31
0.38,0.31
0.38,0.31
0.38,0.31
0.38,0.31
0.38,0.31
0.38,0.31
0.38,0.31
0.38,0.31
0.38,0.31
0.38,0.31
0.38,0.31
0.38,0.31
0.38,0.31
0.38,0.31
0.38,0.31
0.38,0.31
0.38,0.31
0.38,0.31
0.38,0.31
0.38,0.31
0.38,0.31
0.38,0.31
0.38,0.31
0.38,0.31
0.38,0.31
0.38,0.31
0.38,0.31
0.38,0.31
0.38,0.31
0.38,0.31
0.38,0.31
0.38,0.31
0.38,0.31
0.38,0.31
0.38,0.31
0.38,0.31
0.38,0.31
0.38,0.31
0.38,0.31
0.38,0.31
0.38,0.31
0.38,0.31
0.38,0.31
0.38,0.31
0.38,0.31
0.38,0.31
0.38,0.31
0.38,0.31
0.38,0.31
0.38,0.31
0.38,0.31
0.38,0.31
0.38,0.31
0.38,0.31
0.38,0.31
0.38,0.31
0.38,0.31
0.38,0.31
0.38,0.31
0.38,0.31
0.38,0.31
0.38,0.31
0.38,0.31
0.38,0.31
0.38,0.31
0.38,0.31
0.38,0.31
0.38,0.31
0.38,0.31
0.38,0.31
0.38,0.31
0.38,0.31
0.38,0.31
0.38,0.31
0.38,0.31
0.38,0.31
0.38,0.31
0.38,0.31
0.38,0.31
0.38,0.31
0.38,0.31
0.38,0.31
0.38,0.31
0.38,0.31
0.38,0.31
0.38,0.31
0.38,0.31
0.38,0.31
0.38,0.31
0.38,0.31
0.38,0.31
0.38,0.31
0.38,0.31
0.38,0.31
0.38,0.31
0.38,0.31
0.38,0.31
0.38,0.31
0.38,0.31
0.38,0.31
0.38,0.31
0.38,0.31
0.38,0.31
0.38,0.31
0.38,0.31
0.38,0.31
0.38,0.31
0.38,0.31
0.38,0.31
0.38,0.31
0.38,0.31
0.38,0.31
0.38,0.31
0.38,0.31
0.38,0.31
0.38,0.31
0.38,0.31
0.38,0.31
0.38,0.31
0.38,0.31
0.38,0.31
0.38,0.31
0.38,0.31
0.38,0.31
0.38,0.31
0.38,0.31
0.38,0.31
0.38,0.31
0.38,0.31
0.38,0.31
0.38,0.31
0.38,0.31
0.38,0.31
0.38,0.31
0.38,0.31
0.38,0.31
0.38,0.31
0.38,0.31
0.38,0.31
0.38,0.31
0.38,0.31
0.38,0.31
0.38,0.31
0.38,0.31
0.38,0.31
0.38,0.31
0.38,0.31
0.38,0.31
0.38,0.31
0.38,0.31
0.38,0.31
0.38,0.31
0.38,0.31
0.38,0.31
0.38,0.31
0.38,0.31
0.38,0.31
0.38,0.31
0.38,0.31
0.38,0.31
0.38,0.31
0.38,0.31
0.38,0.31
0.38,0.31
0.38,0.31
0.38,0.31
0.38,0.31
0.38,0.31
0.38,0.31
0.38,0.31
0.38,0.31
0.38,0.31
0.38,0.31
0.38,0.31
0.38,0.31
0.38,0.31
0.38,0.31
0.38,0.31
0.38,0.31
0.38,0.31
0.38,0.31
0.38,0.31
0.38,0.31
0.38,0.31
0.38,0.31
0.38,0.31
0.38,0.31
0.38,0.31
0.38,0.31
0.38,0.31
0.38,0.31
0.38,0.31
0.38,0.31
0.38,0.31
0.38,0.31
0.38,0.31
0.38,0.31
0.38,0.31
0.38,0.31
0.38,0.31
0.38,0.31
0.38,0.31
0.38,0.31
0.38,0.31
0.38,0.31
0.38,0.31
0.38,0.31
0.38,0.31
0.38,0.31
0.38,0.31
0.38,0.31
0.38,0.31
0.38,0.31
0.38,0.31
0.38,0.31
0.38,0.31
0.38,0.31
0.38,0.31
0.38,0.31
0.38,0.31
0.38,0.31
0.38,0.31
0.38,0.31
0.38,0.31
0.38,0.31
0.38,0.31
0.38,0.31
0.38,0.31
0.38,0.31
0.38,0.31
0.38,0.31
0.38,0.31
0.38,0.31
0.38,0.31
0.38,0.31
0.38,0.31
0.38,0.31
0.38,0.31
0.38,0.31
0.38,0.31
0.38,0.31
0.38,0.31
0.38,0.31
0.38,0.31
0.38,0.31
0.38,0.31
0.38,0.31
0.38,0.31
0.38,0.31
0.38,0.31
0.38,0.31
0.38,0.31
0.38,0.31
0.38,0.31
0.38,0.31
0.38,0.31
0.38,0.31
0.38,0.31
0.38,0.31
0.38,0.31
0.38,0.31
0.38,0.31
0.38,0.31
0.38,0.31
0.38,0.31
0.38,0.31
0.38,0.31
0.38,0.31
0.38,0.31
0.38,0.31
0.38,0.31
0.38,0.31
0.38,0.31
0.38,0.31
0.38,0.31
0.38,0.31
0.38,0.31
0.38,0.31
0.38,0.31
0.38,0.31
0.38,0.31
0.38,0.31
0.38,0.31
0.38,0.31
0.38,0.31
0.38,0.31
0.38,0.31
0.38,0.31
0.38,0.31
0.38,0.31
0.38,0.31
0.38,0.31
0.38,0.31
0.38,0.31
0.38,0.31
0.38,0.31
0.38,0.31
0.38,0.31
0.38,0.31
0.38,0.31
0.38,0.31
0.38,0.31
0.38,0.31
0.38,0.31
0.38,0.31
0.38,0.31
0.38,0.31
0.38,0.31
0.38,0.31
0.38,0.31
0.38,0.31
0.38,0.31
0.38,0.31
0.38,0.31
0.38,0.31
0.38,0.31
0.38,0.31
0.38,0.31
0.38,0.31
0.38,0.31
0.38,0.31
0.38,0.31
0.38,0.31
0.38,0.31
0.38,0.31
0.38,0.31
0.38,0.31
0.38,0.31
0.38,0.31
0.38,0.31
0.38,0.31
0.38,0.31
0.38,0.31
0.38,0.31
0.38,0.31
0.38,0.31
0.38,0.31
0.38,0.31
0.38,0.31
0.38,0.31
0.38,0.31
0.38,0.31
0.38,0.31
0.38,0.31
0.38,0.31
0.38,0.31
0.38,0.31
0.38,0.31
0.38,0.31
0.38,0.31
0.38,0.31
0.38,0.31
0.38,0.31
0.38,0.31
0.38,0.31
0.38,0.31
0.38,0.31
0.38,0.31
0.38,0.31
0.38,0.31
0.42,0.31
0.42,0.31
0.42,0.31
0.42,0.31
0.42,0.31
0.42,0.31
0.42,0.31
0.42,0.31
0.42,0.31
0.42,0.31
0.42,0.31
0.42,0.31
0.42,0.31
0.42,0.31
0.42,0.31
0.42,0.31
0.42,0.31
0.42,0.31
0.42,0.31
0.42,0.31
0.42,0.31
0.42,0.31
0.42,0.31
0.42,0.31
0.42,0.31
0.42,0.31
0.42,0.31
0.42,0.31
0.42,0.31
0.42,0.31
0.42,0.31
0.42,0.31
0.42,0.31
0.42,0.31
0.42,0.31
0.42,0.31
0.42,0.31
0.42,0.31
0.42,0.31
0.42,0.31
0.42,0.31
0.42,0.31
0.42,0.31
0.42,0.31
0.42,0.31
0.42,0.31
0.42,0.31
0.42,0.31
0.42,0.31
0.42,0.31
0.42,0.31
0.42,0.31
0.42,0.31
0.42,0.31
0.42,0.31
0.42,0.31
0.42,0.31
0.42,0.31
0.42,0.31
0.42,0.31
0.42,0.31
0.42,0.31
0.42,0.31
0.42,0.31
0.42,0.31
0.42,0.31
0.42,0.31
0.42,0.31
0.42,0.31
0.42,0.31
0.42,0.31
0.42,0.31
0.42,0.31
0.42,0.31
0.42,0.31
0.42,0.31
0.42,0.31
0.42,0.31
0.42,0.31
0.42,0.31
0.42,0.31
0.42,0.31
0.42,0.31
0.42,0.31
0.42,0.31
0.42,0.31
0.42,0.31
0.42,0.31
0.42,0.31
0.42,0.31
0.42,0.31
0.42,0.31
0.42,0.31
0.42,0.31
0.42,0.31
0.42,0.31
0.42,0.31
0.42,0.31
0.42,0.31
0.42,0.31
0.42,0.31
0.42,0.31
0.42,0.31
0.42,0.31
0.42,0.31
0.42,0.31
0.42,0.31
0.42,0.31
0.42,0.31
0.42,0.31
0.42,0.31
0.42,0.31
0.42,0.31
0.42,0.31
0.42,0.31
0.42,0.31
0.42,0.31
0.42,0.31
0.42,0.31
0.42,0.31
0.42,0.31
0.42,0.31
0.42,0.31
0.42,0.31
0.42,0.31
0.42,0.31
0.42,0.31
0.42,0.31
0.42,0.31
0.42,0.31
0.42,0.31
0.42,0.31
0.42,0.31
0.42,0.31
0.42,0.31
0.42,0.31
0.42,0.31
0.42,0.31
0.42,0.31
0.42,0.31
0.42,0.31
0.42,0.31
0.42,0.31
0.42,0.31
0.42,0.31
0.42,0.31
0.42,0.31
0.42,0.31
0.42,0.31
0.42,0.31
0.42,0.31
0.42,0.31
0.42,0.31
0.42,0.31
0.42,0.31
0.42,0.31
0.42,0.31
0.42,0.31
0.42,0.31
0.42,0.31
0.42,0.31
0.42,0.31
0.42,0.31
0.42,0.31
0.42,0.31
0.42,0.31
0.42,0.31
0.42,0.31
0.42,0.31
0.42,0.31
0.42,0.31
0.42,0.31
0.42,0.31
0.42,0.31
0.42,0.31
0.42,0.31
0.42,0.31
0.42,0.31
0.42,0.31
0.42,0.31
0.42,0.31
0.42,0.31
0.42,0.31
0.42,0.31
0.42,0.31
0.42,0.31
0.42,0.31
0.42,0.31
0.42,0.31
0.42,0.31
0.42,0.31
0.42,0.31
0.42,0.31
0.42,0.31
0.42,0.31
0.42,0.31
0.42,0.31
0.42,0.31
0.42,0.31
0.42,0.31
0.42,0.31
0.42,0.31
0.42,0.31
0.42,0.31
0.42,0.31
0.42,0.31
0.42,0.31
0.42,0.31
0.42,0.31
0.42,0.31
0.42,0.31
0.42,0.31
0.42,0.31
0.42,0.31
0.42,0.31
0.42,0.31
0.42,0.31
0.42,0.31
0.42,0.31
0.42,0.31
0.42,0.31
0.42,0.31
0.42,0.31
0.42,0.31
0.42,0.31
0.42,0.31
0.42,0.31
0.42,0.31
0.42,0.31
0.42,0.31
0.42,0.31
0.42,0.31
0.42,0.31
0.42,0.31
0.42,0.31
0.42,0.31
0.42,0.31
0.42,0.31
0.42,0.31
0.42,0.31
0.42,0.31
0.42,0.31
0.42,0.31
0.42,0.31
0.42,0.31
0.42,0.31
0.42,0.31
0.42,0.31
0.42,0.31
0.42,0.31
0.42,0.31
0.42,0.31
0.42,0.31
0.42,0.31
0.42,0.31
0.42,0.31
0.42,0.31
0.42,0.31
0.42,0.31
0.42,0.31
0.42,0.31
0.42,0.31
0.42,0.31
0.42,0.31
0.42,0.31
0.42,0.31
0.42,0.31
0.42,0.31
0.42,0.31
0.42,0.31
0.42,0.31
0.42,0.31
0.42,0.31
0.42,0.31
0.42,0.31
0.42,0.31
0.42,0.31
0.42,0.31
0.42,0.31
0.42,0.31
0.42,0.31
0.42,0.31
0.42,0.31
0.42,0.31
0.42,0.31
0.42,0.31
0.42,0.31
0.42,0.31
0.42,0.31
0.42,0.31
0.42,0.31
0.42,0.31
0.42,0.31
0.42,0.31
0.42,0.31
0.42,0.31
0.42,0.31
0.42,0.31
0.42,0.31
0.42,0.31
0.42,0.31
0.42,0.31
0.42,0.31
0.42,0.31
0.42,0.31
0.42,0.31
0.42,0.31
0.42,0.31
0.42,0.31
0.42,0.31
0.42,0.31
0.42,0.31
0.42,0.31
0.42,0.31
0.42,0.31
0.42,0.31
0.42,0.31
0.42,0.31
0.42,0.31
0.42,0.31
0.42,0.31
0.42,0.31
0.42,0.31
0.42,0.31
0.42,0.31
0.42,0.31
0.42,0.31
0.42,0.31
0.42,0.31
0.42,0.31
0.42,0.31
0.42,0.31
0.42,0.31
0.42,0.31
0.42,0.31
0.42,0.31
0.42,0.31
0.42,0.31
0.42,0.31
0.42,0.31
0.42,0.31
0.42,0.31
0.42,0.31
0.42,0.31
0.42,0.31
0.42,0.31
0.42,0.31
0.42,0.31
0.42,0.31
0.42,0.31
0.42,0.31
0.42,0.31
0.42,0.31
0.42,0.31
0.42,0.31
0.42,0.31
0.42,0.31
0.42,0.31
0.42,0.31
0.42,0.31
0.42,0.31
0.42,0.31
0.42,0.31
0.42,0.31
0.42,0.31
0.42,0.31
0.42,0.31
0.42,0.31
0.42,0.31
0.42,0.31
0.42,0.31
0.42,0.31
0.42,0.31
0.42,0.31
0.42,0.31
0.42,0.31
0.42,0.31
0.42,0.31
0.42,0.31
0.42,0.31
0.42,0.31
0.42,0.31
0.42,0.31
0.42,0.31
0.42,0.31
0.42,0.31
0.42,0.31
0.42,0.31
0.42,0.31
0.42,0.31
0.42,0.31
0.42,0.31
0.42,0.31
0.42,0.31
0.42,0.31
0.42,0.31
0.42,0.31
0.42,0.31
0.42,0.31
0.42,0.31
0.42,0.31
0.42,0.31
0.42,0.31
0.42,0.31
0.42,0.31
0.42,0.31
0.42,0.31
0.42,0.31
0.42,0.31
0.42,0.31
0.42,0.31
0.42,0.31
0.42,0.31
0.42,0.31
0.42,0.31
0.42,0.31
0.42,0.31
0.42,0.31
0.42,0.31
0.42,0.31
0.42,0.31
0.42,0.31
0.42,0.31
0.42,0.31
0.42,0.31
0.42,0.31
0.42,0.31
0.42,0.31
0.42,0.31
0.42,0.31
0.42,0.31
0.42,0.31
0.42,0.31
0.42,0.31
0.42,0.31
0.42,0.31
0.42,0.31
0.42,0.31
0.42,0.31
0.42,0.31
0.42,0.31
0.42,0.31
0.42,0.31
0.42,0.31
0.42,0.31
0.42,0.31
0.42,0.31
0.42,0.31
0.42,0.31
0.42,0.31
0.42,0.31
0.42,0.31
0.42,0.31
0.42,0.31
0.42,0.31
0.42,0.31
0.42,0.31
0.42,0.31
0.42,0.31
0.42,0.31
0.42,0.31
0.42,0.31
0.42,0.31
0.42,0.31
0.42,0.31
0.42,0.31
0.42,0.31
0.42,0.31
0.42,0.31
0.42,0.31
0.42,0.31
0.42,0.31
0.42,0.31
0.42,0.31
0.42,0.31
0.42,0.31
0.42,0.31
0.42,0.31
0.42,0.31
0.42,0.31
0.42,0.31
0.42,0.31
0.42,0.31
0.42,0.31
0.42,0.31
0.42,0.31
0.42,0.31
0.42,0.31
0.42,0.31
0.42,0.31
0.42,0.31
0.42,0.31
0.42,0.31
0.42,0.31
0.42,0.31
0.42,0.31
0.42,0.31
0.42,0.31
0.42,0.31
0.42,0.31
0.42,0.31
0.42,0.31
0.42,0.31
0.42,0.31
0.42,0.31
0.42,0.31
0.42,0.31
0.42,0.31
0.42,0.31
0.42,0.31
0.42,0.31
0.42,0.31
0.42,0.31
0.42,0.31
0.42,0.31
0.42,0.31
0.42,0.31
0.42,0.31
0.42,0.31
0.42,0.31
0.42,0.31
0.42,0.31
0.42,0.31
0.42,0.31
0.42,0.31
0.42,0.31
0.42,0.31
0.42,0.31
0.42,0.31
0.42,0.31
0.42,0.31
0.42,0.31
0.42,0.31
0.42,0.31
0.42,0.31
0.42,0.31
0.42,0.31
0.42,0.31
0.42,0.31
0.42,0.31
0.42,0.31
0.42,0.31
0.42,0.31
0.42,0.31
0.42,0.31
0.42,0.31
0.42,0.31
0.42,0.31
0.42,0.31
0.42,0.31
0.42,0.31
0.42,0.31
0.42,0.31
0.42,0.31
0.42,0.31
0.42,0.31
0.42,0.31
0.42,0.31
0.42,0.31
0.42,0.31
0.42,0.31
0.42,0.31
0.42,0.31
0.42,0.31
0.42,0.31
0.42,0.31
0.42,0.31
0.42,0.31
0.42,0.31
0.42,0.31
0.42,0.31
0.42,0.31
0.42,0.31
0.42,0.31
0.42,0.31
0.42,0.31
0.42,0.31
0.42,0.31
0.42,0.31
0.42,0.31
0.42,0.31
0.42,0.31
0.42,0.31
0.42,0.31
0.42,0.31
0.42,0.31
0.42,0.31
0.42,0.31
0.42,0.31
0.42,0.31
0.42,0.31
0.42,0.31
0.42,0.31
0.42,0.31
0.42,0.31
0.42,0.31
0.42,0.31
0.42,0.31
0.42,0.31
0.42,0.31
0.42,0.31
0.42,0.31
0.42,0.31
0.42,0.31
0.42,0.31
0.42,0.31
0.42,0.31
0.42,0.31
0.42,0.31
0.42,0.31
0.42,0.31
0.42,0.31
0.42,0.31
0.42,0.31
0.42,0.31
0.42,0.31
0.42,0.31
0.42,0.31
0.42,0.31
0.42,0.31
0.42,0.31
0.42,0.31
0.42,0.31
0.42,0.31
0.42,0.31
0.42,0.31
0.42,0.31
0.42,0.31
0.42,0.31
0.42,0.31
0.42,0.31
0.42,0.31
0.42,0.31
0.42,0.31
0.42,0.31
0.42,0.31
0.42,0.31
0.42,0.31
0.42,0.31
0.42,0.31
0.42,0.31
0.42,0.31
0.42,0.31
0.42,0.31
0.42,0.31
0.42,0.31
0.42,0.31
0.42,0.31
0.42,0.31
0.42,0.31
0.42,0.31
0.42,0.31
0.42,0.31
0.42,0.31
0.42,0.31
0.42,0.31
0.42,0.31
0.42,0.31
0.42,0.31
0.42,0.31
0.42,0.31
0.42,0.31
0.42,0.31
0.42,0.31
0.42,0.31
0.42,0.31
0.42,0.31
0.42,0.31
0.42,0.31
0.42,0.31
0.42,0.31
0.42,0.31
0.42,0.31
0.42,0.31
0.42,0.31
0.42,0.31
0.42,0.31
0.42,0.31
0.42,0.31
0.42,0.31
0.42,0.31
0.42,0.31
0.42,0.31
0.42,0.31
0.42,0.31
0.42,0.31
0.42,0.31
0.42,0.31
0.42,0.31
0.42,0.31
0.42,0.31
0.42,0.31
0.42,0.31
0.42,0.31
0.42,0.31
0.42,0.31
0.42,0.31
0.42,0.31
0.42,0.31
0.42,0.31
0.42,0.31
0.42,0.31
0.42,0.31
0.42,0.31
0.42,0.31
0.42,0.31
0.42,0.31
0.42,0.31
0.42,0.31
0.42,0.31
0.42,0.31
0.42,0.31
0.42,0.31
0.42,0.31
0.42,0.31
0.42,0.31
0.42,0.31
0.42,0.31
0.42,0.31
0.42,0.31
0.42,0.31
0.42,0.31
0.42,0.31
0.42,0.31
0.42,0.31
0.42,0.31
0.42,0.31
0.42,0.31
0.42,0.31
0.42,0.31
0.42,0.31
0.42,0.31
0.42,0.31
0.42,0.31
0.42,0.31
0.42,0.31
0.42,0.31
0.42,0.31
0.42,0.31
0.42,0.31
0.42,0.31
0.42,0.31
0.42,0.31
0.42,0.31
