unit,node,technology,fuel,capacity,efficiency,emission,varcost,rup,rdn,latitude,longitude
BNA0005,363,Gas turbine,NaturalGas,37.5,0.354,0.570056497,0,37.5,37.5,52.58950001,13.5586524
BNA0006,363,Gas turbine,NaturalGas,37.5,0.354,0.570056497,0,37.5,37.5,52.58950001,13.5586524
BNA0007,363,Gas turbine,NaturalGas,37.5,0.354,0.570056497,0,37.5,37.5,52.58950001,13.5586524
BNA0008,363,Gas turbine,NaturalGas,37.5,0.354,0.570056497,0,37.5,37.5,52.58950001,13.5586524
BNA0012a,223,Steam turbine,Biomass,13,0.38,0,0,13,13,51.984761,9.822831
BNA0012b,223,Steam turbine,NaturalGas,20,0.3267,0.617692072,0,20,20,51.98513,9.82246
BNA0015,46,Gas turbine,NaturalGas,65,0.3722,0.542181623,0,65,65,48.717611,9.374917
BNA0016,46,Gas turbine,NaturalGas,50,0.3046,0.662508207,0,50,50,48.717611,9.374917
BNA0017,46,Gas turbine,NaturalGas,57,0.3098,0.651387992,0,57,57,48.717611,9.374917
BNA0018,46,Gas turbine,NaturalGas,81,0.315,0.640634921,0,81,81,48.717611,9.374917
BNA0019,46,Steam turbine,HardCoal,336,0.44,0.772954545,3.350000229,336,336,48.717611,9.374917
BNA0020,46,Steam turbine,HardCoal,433,0.455,0.747472527,3.239560661,433,433,48.717611,9.374917
BNA0021,301,Steam turbine,Biomass,9.8,0.38,0,0,9.8,9.8,47.79714,10.85874
BNA0025,417,Steam turbine,NaturalGas,15.1,0.3773,0.534852902,0,15.1,15.1,53.85625,13.7101
BNA0027,130,Steam turbine,Biomass,138.9,0.38,0,0,138.9,138.9,52.72713,12.01115
BNA0033,296,Gas turbine,NaturalGas,28.8,0.3904,0.516905738,0,28.8,28.8,48.40099,10.93576
BNA0051,373,Steam turbine,NaturalGas,18,0.3773,0.534852902,0,18,18,51.983192,11.87656
BNA0055,365,Steam turbine,Biomass,16,0.38,0,0,16,16,52.07778,13.51725
BNA0059b,226,Combined cycle,NaturalGas,78,0.5985,0.337176274,0,78,78,51.25308,9.4379
BNA0062,356,Steam turbine,Biomass,18.3,0.38,0,0,18.3,18.3,52.18269,14.25841
BNA0066,145,Steam turbine,Biomass,17.7,0.38,0,0,17.7,17.7,51.63701,7.61876
BNA0067,145,Steam turbine,HardCoal,717,0.3775,0.900927152,2.603090686,717,717,51.63702,7.6191
BNA0068,364,Steam turbine,Biomass,16.5,0.38,0,0,16.5,16.5,52.42529,13.517308
BNA0070,364,Gas turbine,NaturalGas,8,0.405999517,0.497044926,0,8,8,52.433508,13.559704
BNA0071,364,Gas turbine,NaturalGas,5,0.369602531,0.545991932,0,5,5,52.433508,13.559704
BNA0072,364,Gas turbine,NaturalGas,7,0.385193427,0.523892636,0,7,7,52.433508,13.559704
BNA0073,369,Combined cycle,NaturalGas,444,0.522,0.386590038,0,444,444,52.51172353,13.4209156
BNA0074,370,Gas turbine,NaturalGas,211,0.38,0.531052632,0,211,211,52.52185624,13.31109524
BNA0075,370,Steam turbine,NaturalGas,144,0.3828,0.527168234,0,144,144,52.42520804,13.30976486
BNA0076,370,Steam turbine,NaturalGas,144,0.3828,0.527168234,0,144,144,52.42520804,13.30976486
BNA0080,370,Steam turbine,NaturalGas,144,0.3828,0.527168234,0,144,144,52.42520804,13.30976486
BNA0081,364,Steam turbine,Lignite,164,0.3568,1.018217489,0,164,164,52.48891639,13.49696159
BNA0082,371,Steam turbine,HardCoal,124,0.3475,0.978705036,1.41390897,124,124,52.532146,13.246072
BNA0083,370,Steam turbine,Oil(light),276,0.3597,0.739505143,0,276,276,52.48159366,13.30761909
BNA0084,371,Steam turbine,Waste,36,0.33,0,0,36,36,52.532146,13.246072
BNA0085a,370,Steam turbine,HardCoal,89,0.4,0.85025,1.228333417,89,89,52.53735111,13.34611416
BNA0085b,370,Gas turbine,Oil(light),51,0.3046,0.873276428,0,51,51,52.53735111,13.34611416
BNA0086,371,Steam turbine,HardCoal,282,0.3925,0.866496815,1.251804757,282,282,52.53508792,13.24264526
BNA0087,371,Steam turbine,HardCoal,282,0.395,0.861012658,1.243881942,282,282,52.53508792,13.24264526
BNA0088a,373,Combined cycle,NaturalGas,35,0.33,0.611515152,0,35,35,51.802609,11.751511
BNA0088b,373,Combined cycle,Waste,66,0.513,0,0,66,66,51.801239,11.75441
BNA0090,136,Steam turbine,Biomass,20,0.38,0,0,20,20,53.252132,13.957019
BNA0093,244,Steam turbine,HardCoal,721,0.3825,0.889150327,3.853595035,721,721,49.363481,7.237136
BNA0097,213,Steam turbine,Waste,34,0.33,0,0,34,34,52.04269,8.60719
BNA0098,214,Steam turbine,NaturalGas,23,0.3608,0.559312639,0,23,23,52.033503,8.539061
BNA0099,211,Gas turbine,NaturalGas,55,0.315,0.640634921,0,55,55,51.98396,8.45139
BNA0100,214,Combined cycle,NaturalGas,37.5,0.5625,0.358755556,0,37.5,37.5,52.033503,8.539061
BNA0101,214,Steam turbine,NaturalGas,41,0.3476,0.580552359,0,41,41,52.033503,8.539061
BNA0103,335,Steam turbine,Biomass,18.1,0.38,0,0,18.1,18.1,51.48993,10.41307
BNA0105,337,Combined cycle,NaturalGas,106,0.54,0.373703704,0,106,106,51.633861,12.299357
BNA0106,335,Steam turbine,Biomass,53.5,0.38,0,0,53.5,53.5,51.490098,10.412883
BNA0110,89,Steam turbine,NaturalGas,20.7,0.3894,0.518233179,0,20.7,20.7,51.48333333,7.216666667
BNA0111,122,Steam turbine,NaturalGas,44,0.4004,0.503996004,0,44,44,51.50795,7.25029
BNA0115,344,Steam turbine,Lignite,875,0.4,0.90825,0,875,875,51.182122,12.373287
BNA0116,344,Steam turbine,Lignite,875,0.3976,0.913732394,0,875,875,51.182122,12.373287
BNA0117a,445,Steam turbine,Waste,12,0.33,0,0,12,12,50.73382,7.08055
BNA0117b,445,Steam turbine,NaturalGas,95,0.3993,0.505384423,0,95,95,50.73382,7.08055
BNA0121,148,Steam turbine,Biomass,11.4,0.38,0,0,11.4,11.4,51.85542,6.88867
BNA0122,354,Steam turbine,Lignite,465,0.3832,0.948068894,0,465,465,51.41626317,14.56194878
BNA0123,354,Steam turbine,Lignite,465,0.3856,0.94216805,0,465,465,51.41626317,14.56194878
BNA0124,354,Steam turbine,Lignite,857,0.4,0.90825,0,857,857,51.41626317,14.56194878
BNA0129,358,Steam turbine,NaturalGas,36,0.3817,0.528687451,0,36,36,51.512175,13.97109
BNA0130,372,Combined cycle,NaturalGas,160,0.513,0.39337232,0,160,160,52.394167,12.418056
BNA0135,133,Combined cycle,NaturalGas,20,0.4095,0.492796093,0,20,20,52.278611,10.514722
BNA0136,133,Combined cycle,NaturalGas,74,0.585,0.344957265,0,74,74,52.278611,10.514722
BNA0137,133,Gas turbine,NaturalGas,25,0.289,0.698269896,0,25,25,52.278611,10.514722
BNA0138,133,Combined cycle,HardCoal,43.3,0.468,0.726709402,1.049857622,43.3,43.3,52.278611,10.514722
BNA0139,399,Steam turbine,Waste,33,0.33,0,0,33,33,53.12482,8.72887
BNA0141,399,Gas turbine,Oil(light),88,0.3124,0.851472471,0,88,88,53.12891,8.68524
BNA0142,399,Steam turbine,OtherFuels,160,0.33,0,0,160,160,53.12891,8.68524
BNA0144,401,Steam turbine,HardCoal,119,0.3975,0.855597484,0.618029392,119,119,53.06008,8.87328
BNA0146,399,Steam turbine,HardCoal,300,0.3725,0.913020134,0.659507875,300,300,53.124861,8.728657
BNA0147,402,Steam turbine,HardCoal,350,0.4425,0.768587571,0.555178946,350,350,53.20206653,8.516153926
BNA0156a,209,Steam turbine,Biomass,18,0.38,0,0,18,18,51.40667,8.60115
BNA0156b,209,Gas turbine,NaturalGas,13.5,0.3696,0.545995671,0,13.5,13.5,51.40845951,8.599935409
BNA0157,429,Steam turbine,Nuclear,1410,0.33,0,0,1410,1410,53.851095,9.345944
BNA0161,430,Gas turbine,Oil(light),63.5,0.3098,0.858618464,0,63.5,63.5,53.89251924,9.201135635
BNA0162,430,Gas turbine,Oil(light),63.5,0.3098,0.858618464,0,63.5,63.5,53.89251924,9.201135635
BNA0163,430,Gas turbine,Oil(light),63.5,0.3098,0.858618464,0,63.5,63.5,53.89251924,9.201135635
BNA0164,430,Gas turbine,Oil(light),63.5,0.3098,0.858618464,0,63.5,63.5,53.89251924,9.201135635
BNA0169,246,Steam turbine,Biomass,28.4,0.38,0,0,28.4,28.4,49.515359,9.325151
BNA0172,315,Combined cycle,NaturalGas,178,0.5445,0.370615243,0,178,178,48.18345,12.85311
BNA0174,315,Steam turbine,NaturalGas,49,0.3872,0.521177686,0,49,49,48.17679,12.73056
BNA0176,373,Steam turbine,Biomass,10.2,0.38,0,0,10.2,10.2,51.92012,11.80181
BNA0177,349,Steam turbine,Lignite,56.8,0.3712,0.978717672,0,56.8,56.8,50.856981,12.923096
BNA0178,349,Steam turbine,NaturalGas,57.2,0.3696,0.545995671,0,57.2,57.2,50.856981,12.923096
BNA0179,349,Steam turbine,Lignite,90.8,0.424,0.856839623,0,90.8,90.8,50.856981,12.923096
BNA0183,357,Steam turbine,Lignite,74,0.3976,0.913732394,0,74,74,51.76017,14.37004
BNA0191,345,Steam turbine,Biomass,18.4,0.38,0,0,18.4,18.4,51.50703,12.30048
BNA0192,345,Steam turbine,Biomass,20,0.38,0,0,20,20,51.51521,12.32479
BNA0194,337,Steam turbine,Lignite,49,0.3904,0.930584016,0,49,49,51.82685,12.23003
BNA0196,341,Steam turbine,Lignite,67,0.2464,1.474431818,0,67,67,51.11187,12.07617
BNA0199,171,Combined cycle,NaturalGas,586.3,0.54,0.373703704,0,586.3,586.3,51.07908,6.82871
BNA0202,121,Steam turbine,NaturalGas,26,0.3894,0.518233179,0,26,26,51.51973,7.47697
BNA0203,153,Steam turbine,HardCoal,345,0.3525,0.964822695,2.787707046,345,345,51.56846926,7.349182511
BNA0207,351,Combined cycle,NaturalGas,263,0.5175,0.389951691,0,263,263,51.042119,13.708597
BNA0211,14,Steam turbine,HardCoal,95,0.3875,0.877677419,2.535914152,95,95,51.429324,6.751984
BNA0213,100,Steam turbine,NaturalGas,40,0.3872,0.521177686,0,40,40,51.390662,6.747783
BNA0214,100,Combined cycle,NaturalGas,234,0.5625,0.358755556,0,234,234,51.390662,6.747783
BNA0216a,142,Steam turbine,HardCoal,370,0.395,0.861012658,2.487763883,370,370,51.52672,6.71868
BNA0216b,142,Steam turbine,HardCoal,725,0.4575,0.743387978,2.147905429,725,725,51.52672,6.71868
BNA0217,14,Steam turbine,OtherFuels,60,0.33,0,0,60,60,51.459673,6.730574
BNA0218,14,Steam turbine,OtherFuels,90,0.33,0,0,90,90,51.459673,6.730574
BNA0219,14,Steam turbine,OtherFuels,165,0.33,0,0,165,165,51.459673,6.730574
BNA0220,115,Combined cycle,NaturalGas,100,0.54,0.373703704,0,100,100,51.22138,6.73131
BNA0221a,115,Gas turbine,NaturalGas,64.7,0.3124,0.645966709,0,64.7,64.7,51.22116,6.73193
BNA0221b,115,Gas turbine,NaturalGas,66.7,0.3124,0.645966709,0,66.7,66.7,51.22116,6.73193
BNA0221c,115,Steam turbine,NaturalGas,293,0.3586,0.562744004,0,293,293,51.22138,6.73131
BNA0222,117,Gas turbine,Oil(light),86.2,0.3202,0.830730793,0,86.2,86.2,51.222794,6.813696
BNA0223b,117,Steam turbine,Waste,53.7,0.33,0,0,53.7,53.7,51.222794,6.813696
BNA0224,360,Steam turbine,Biomass,20,0.38,0,0,20,20,52.851545,13.77806
BNA0232a,297,Steam turbine,Biomass,13.2,0.38,0,0,13.2,13.2,48.26698,9.72615
BNA0232b,297,Steam turbine,Biomass,8,0.38,0,0,8,8,48.26693,9.72626
BNA0232c,297,Steam turbine,NaturalGas,4,0.3586,0.562744004,0,4,4,48.26693,9.72626
BNA0233,345,Steam turbine,NaturalGas,46.6,0.3773,0.534852902,0,46.6,46.6,51.46561,12.59204
BNA0237,356,Steam turbine,OtherFuels,23.5,0.33,0,0,23.5,23.5,52.16883,14.64079
BNA0238a,356,Steam turbine,OtherFuels,45,0.33,0,0,45,45,52.1674,14.62697
BNA0238b,356,Steam turbine,OtherFuels,56,0.33,0,0,56,56,52.1674,14.62697
BNA0239,403,Gas turbine,NaturalGas,321,0.3956,0.510111223,0,321,321,53.18969,8.40869
BNA0242,350,Steam turbine,Biomass,12.6,0.38,0,0,12.6,12.6,51.46616,13.50464
BNA0243,81,Steam turbine,NaturalGas,57,0.3938,0.512442864,0,57,57,49.984,10.65137
BNA0244,409,Steam turbine,Biomass,22,0.38,0,0,22,22,53.34217,7.20624
BNA0245a,409,Gas turbine,NaturalGas,50,0.3553,0.567970729,0,50,50,53.34217,7.20624
BNA0250a,392,Steam turbine,Biomass,10.6,0.38,0,0,10.6,10.6,52.619274,6.86931
BNA0250b,392,Steam turbine,Biomass,10.6,0.38,0,0,10.6,10.6,52.61913,6.872126
BNA0251,217,Steam turbine,Nuclear,1360,0.33,0,0,1360,1360,52.035641,9.413497
BNA0252,26,Steam turbine,HardCoal,283,0.43,0.790930233,3.427907211,283,283,49.293248,6.770937
BNA0253,26,Steam turbine,HardCoal,106,0.43,0.790930233,3.427907211,106,106,49.293248,6.770937
BNA0255,333,Steam turbine,NaturalGas,11,0.3806,0.530215449,0,11,11,50.978567,11.05158
BNA0256a,333,Combined cycle,NaturalGas,76.5,0.54,0.373703704,0,76.5,76.5,50.989612,11.027635
BNA0256b,333,Combined cycle,NaturalGas,32.6,0.603,0.334660033,0,32.6,32.6,50.989612,11.027635
BNA0261a,324,Combined cycle,NaturalGas,21.6,0.5625,0.358755556,0,21.6,21.6,49.59297,11.00162
BNA0261b,324,Steam turbine,HardCoal,17.4,0.375,0.906933333,5.896000403,17.4,17.4,49.59283,11.00148
BNA0261c,324,Combined cycle,NaturalGas,6.7,0.603,0.334660033,0,6.7,6.7,49.593492,11.001093
BNA0263,317,Steam turbine,Nuclear,1410,0.33,0,0,1410,1410,48.6046,12.29507
BNA0270,437,Steam turbine,HardCoal,27,0.405,0.839753086,0.606584404,27,27,54.80495,9.43244
BNA0271,437,Steam turbine,HardCoal,29,0.395,0.861012658,0.621940971,29,29,54.80495,9.43244
BNA0272,437,Steam turbine,HardCoal,33,0.3875,0.877677419,0.633978538,33,33,54.80495,9.43244
BNA0273,437,Steam turbine,HardCoal,35,0.38,0.895,0.646491272,35,35,54.80495,9.43244
BNA0274,437,Steam turbine,HardCoal,23,0.37,0.919189189,0.663964009,23,23,54.80495,9.43244
BNA0277,200,Steam turbine,Biomass,12.6,0.38,0,0,12.6,12.6,50.022602,8.377209
BNA0283,72,Steam turbine,Biomass,12.4,0.38,0,0,12.4,12.4,50.12943,8.76792
BNA0284,356,Steam turbine,Lignite,45,0.3928,0.924898167,0,45,45,52.346,14.546
BNA0285,195,Combined cycle,NaturalGas,70,0.5625,0.358755556,0,70,70,50.0856,8.62785
BNA0286,195,Gas turbine,NaturalGas,99,0.3644,0.553787047,0,99,99,50.09843,8.65313
BNA0287a,195,Steam turbine,Waste,26,0.33,0,0,26,26,50.16173,8.63596
BNA0287b,195,Steam turbine,Waste,46.5,0.33,0,0,46.5,46.5,50.16171,8.63625
BNA0288,195,Combined cycle,NaturalGas,56,0.4185,0.482198327,0,56,56,50.0856,8.62785
BNA0289a,195,Steam turbine,OtherFuels,19.7,0.33,0,0,19.7,19.7,50.09847,8.65303
BNA0289b,195,Steam turbine,HardCoal,61.5,0.3975,0.855597484,3.090146962,61.5,61.5,50.09843,8.65313
BNA0290,195,Steam turbine,HardCoal,61.5,0.3975,0.855597484,3.090146962,61.5,61.5,50.09843,8.65313
BNA0292,168,Steam turbine,Lignite,118,0.3712,0.978717672,0,118,118,50.8976,6.793099
BNA0293,268,Combined cycle,NaturalGas,60.1,0.531,0.380037665,0,60.1,60.1,48.020738,7.84588
BNA0313,113,Steam turbine,Lignite,284,0.376,0.966223404,0,284,284,51.05744518,6.577080395
BNA0314,113,Steam turbine,Lignite,278,0.376,0.966223404,0,278,278,51.05744518,6.577080395
BNA0318,227,Steam turbine,Oil(light),24.8,0.3971,0.669856459,0,24.8,24.8,50.56636,9.68614
BNA0331,151,Steam turbine,HardCoal,345,0.3475,0.978705036,2.827817939,345,345,51.60236802,7.009894096
BNA0332,151,Steam turbine,HardCoal,345,0.345,0.985797101,2.848309374,345,345,51.60236802,7.009894096
BNA0336,151,Steam turbine,HardCoal,70,0.3875,0.877677419,2.535914152,70,70,51.59696,7.00452
BNA0343,339,Steam turbine,NaturalGas,74,0.3806,0.530215449,0,74,74,50.9076,12.06102
BNA0347,293,Steam turbine,Biomass,15.7,0.38,0,0,15.7,15.7,48.62833,10.20078
BNA0354,222,Steam turbine,NaturalGas,18.8,0.3828,0.527168234,0,18.8,18.8,51.55337,9.93374
BNA0355,231,Steam turbine,Nuclear,1275,0.33,0,0,1275,1275,49.984424,10.181753
BNA0360,417,Gas turbine,NaturalGas,14.7,0.3696,0.545995671,0,14.7,14.7,54.07039,13.39886
BNA0361,80,Steam turbine,NaturalGas,40,0.3894,0.518233179,0,40,40,47.53971,7.706923
BNA0369,346,Steam turbine,Oil(light),17,0.3795,0.700922266,0,17,17,51.161368,12.781496
BNA0373,143,Gas turbine,Oil(light),120,0.3644,0.729967069,0,120,120,51.29192,11.94645
BNA0374,192,Steam turbine,NaturalGas,622,0.3597,0.561023075,0,622,622,50.088553,8.953399
BNA0377,192,Steam turbine,HardCoal,510,0.405,0.839753086,3.032922018,510,510,50.088553,8.953399
BNA0378,313,Steam turbine,Oil(light),386,0.3553,0.748663102,0,386,386,48.761412,11.503001
BNA0379,313,Steam turbine,Oil(light),386,0.3564,0.746352413,0,386,386,48.761412,11.503001
BNA0380,358,Steam turbine,Waste,23.3,0.33,0,0,23.3,23.3,51.5929,14.0241
BNA0381,294,Steam turbine,Nuclear,1284,0.33,0,0,1284,1284,48.51504,10.4015648
BNA0382,294,Steam turbine,Nuclear,1288,0.33,0,0,1288,1288,48.51608,10.39822
BNA0385,211,Steam turbine,Biomass,12.1,0.38,0,0,12.1,12.1,51.91537,8.40031
BNA0386,211,Steam turbine,NaturalGas,22,0.3784,0.533298097,0,22,22,51.907326,8.408835
BNA0388,178,Steam turbine,Biomass,20,0.38,0,0,20,20,51.411114,7.491698
BNA0389,178,Combined cycle,NaturalGas,230,0.558,0.361648746,0,230,230,51.41103,7.49171
BNA0392a,143,Steam turbine,NaturalGas,97,0.3905,0.516773367,0,97,97,51.48096,11.96427
BNA0392b,143,Combined cycle,NaturalGas,54,0.5985,0.337176274,0,54,54,51.52353,11.94337
BNA0395,98,Steam turbine,OtherFuels,60,0.33,0,0,60,60,51.491,6.72749
BNA0396,98,Steam turbine,OtherFuels,100,0.33,0,0,100,100,51.491,6.72749
BNA0397,85,Combined cycle,OtherFuels,225,0.33,0,0,225,225,51.500603,6.730319
BNA0398,414,Steam turbine,Waste,24,0.33,0,0,24,24,53.52088514,9.934773445
BNA0399,415,Steam turbine,Biomass,20,0.38,0,0,20,20,53.53188044,10.07459164
BNA0400,415,Combined cycle,NaturalGas,127,0.5805,0.347631352,0,127,127,53.52672755,10.06583691
BNA0401,414,Steam turbine,NaturalGas,22.5,0.3762,0.5364168,0,22.5,22.5,53.517684,9.950793
BNA0402,415,Steam turbine,HardCoal,194,0.4075,0.834601227,0.602863027,194,194,53.52616631,10.06317616
BNA0403,410,Steam turbine,HardCoal,123,0.4075,0.834601227,0.602863027,123,123,53.56695702,9.724445343
BNA0404,410,Steam turbine,HardCoal,137,0.4075,0.834601227,0.602863027,137,137,53.56695702,9.724445343
BNA0407,217,Steam turbine,Waste,14.7,0.33,0,0,14.7,14.7,52.09875,9.38821
BNA0408,217,Steam turbine,Biomass,16.8,0.38,0,0,16.8,16.8,52.09875,9.38821
BNA0410,65,Combined cycle,NaturalGas,417.1,0.576,0.350347222,0,417.1,417.1,51.67395,7.92915
BNA0411,65,Combined cycle,NaturalGas,420.9,0.576,0.350347222,0,420.9,420.9,51.67395,7.92915
BNA0413a,36,Steam turbine,HardCoal,284,0.3475,0.978705036,2.827817939,284,284,51.680278,7.969722
BNA0413c,36,Steam turbine,HardCoal,765,0.46,0.739347826,2.13623203,765,765,51.680278,7.969722
BNA0417,383,Steam turbine,Waste,22.5,0.33,0,0,22.5,22.5,52.41178,9.85297
BNA0418,383,Combined cycle,NaturalGas,230,0.5985,0.337176274,0,230,230,52.372917,9.714194
BNA0419,383,Steam turbine,NaturalGas,102,0.3575,0.564475524,0,102,102,52.42,9.648611
BNA0420,385,Steam turbine,HardCoal,136,0.3975,0.855597484,1.236058785,136,136,52.42,9.648611
BNA0421,385,Steam turbine,HardCoal,136,0.3975,0.855597484,1.236058785,136,136,52.42,9.648611
BNA0427,305,Gas turbine,Oil(light),23.2,0.3332,0.798319328,0,23.2,23.2,47.752396,11.839802
BNA0428,305,Gas turbine,Oil(light),23.2,0.3332,0.798319328,0,23.2,23.2,47.752396,11.839802
BNA0429,305,Gas turbine,Oil(light),23.2,0.3332,0.798319328,0,23.2,23.2,47.752396,11.839802
BNA0430,305,Gas turbine,Oil(light),23.2,0.3332,0.798319328,0,23.2,23.2,47.752396,11.839802
BNA0432,255,Steam turbine,HardCoal,125,0.45,0.755777778,3.27555578,125,125,49.177334,9.206318
BNA0433,255,Steam turbine,HardCoal,125,0.45,0.755777778,3.27555578,125,125,49.177334,9.206318
BNA0434,255,Steam turbine,HardCoal,778,0.4475,0.76,3.293854974,778,778,49.177334,9.206318
BNA0435,138,Steam turbine,Biomass,19.7,0.38,0,0,19.7,19.7,53.15113,12.37706
BNA0438,376,Steam turbine,Waste,37.5,0.33,0,0,37.5,37.5,52.17138,10.97637
BNA0439,376,Steam turbine,Lignite,352,0.364,0.998076923,0,352,352,52.17237156,10.97682873
BNA0442,177,Combined cycle,NaturalGas,417,0.5715,0.353105862,0,417,417,51.40313,7.4155
BNA0444,180,Combined cycle,NaturalGas,109.5,0.3915,0.515453384,0,109.5,109.5,50.89401,9.99724
BNA0449,92,Steam turbine,HardCoal,280,0.3975,0.855597484,2.472117569,280,280,51.550753,7.187481
BNA0450,92,Steam turbine,HardCoal,449,0.4575,0.743387978,2.147905429,449,449,51.550753,7.187481
BNA0464,381,Steam turbine,HardCoal,690,0.4325,0.786358382,1.136030906,690,690,52.3150224,10.09141738
BNA0483,216,Steam turbine,Biomass,19.9,0.38,0,0,19.9,19.9,51.88476,8.9567
BNA0485,100,Combined cycle,OtherFuels,303,0.33,0,0,303,303,51.36787,6.7167
BNA0486,100,Combined cycle,OtherFuels,303,0.33,0,0,303,303,51.36787,6.7167
BNA0490a,168,Steam turbine,Lignite,40,0.3832,0.948068894,0,40,40,50.8608,6.8402
BNA0490b,168,Steam turbine,Lignite,45,0.3832,0.948068894,0,45,45,50.8608,6.8402
BNA0491,168,Steam turbine,Lignite,52,0.3784,0.960095137,0,52,52,50.86138,6.84066
BNA0492,440,Steam turbine,OtherFuels,33.4,0.33,0,0,33.4,33.4,52.28588,7.74613
BNA0493,440,Steam turbine,HardCoal,794,0.4475,0.76,1.646927487,794,794,52.28881179,7.747906179
BNA0497,31,Gas turbine,NaturalGas,96.5,0.4112,0.490758755,0,96.5,96.5,50.09178,8.53105
BNA0498,31,Combined cycle,HardCoal,66,0.4905,0.693374108,3.005097045,66,66,50.09178,8.53105
BNA0499,31,Combined cycle,NaturalGas,86,0.5535,0.364588979,0,86,86,50.09178,8.53105
BNA0500,201,Steam turbine,Biomass,12.4,0.38,0,0,12.4,12.4,49.974392,8.044595
BNA0504,334,Combined cycle,NaturalGas,182,0.522,0.386590038,0,182,182,50.896881,11.585703
BNA0510a,243,Steam turbine,NaturalGas,11.6,0.3729,0.541163851,0,11.6,11.6,49.434659,7.760234
BNA0510b,243,Steam turbine,HardCoal,13.4,0.415,0.819518072,3.551807472,13.4,13.4,49.43461,7.75824
BNA0514,264,Combined cycle,NaturalGas,353,0.531,0.380037665,0,353,353,49.0125,8.302778
BNA0515,263,Steam turbine,NaturalGas,37,0.3674,0.549265106,0,37,37,49.014444,8.348056
BNA0516,264,Steam turbine,Oil(light),45,0.3795,0.700922266,0,45,45,49.06081,8.32439
BNA0517,264,Steam turbine,Oil(light),25,0.3795,0.700922266,0,25,25,49.06081,8.32439
BNA0518a,264,Steam turbine,HardCoal,505,0.4375,0.777371429,3.369143088,505,505,49.0125,8.302778
BNA0518b,264,Steam turbine,HardCoal,842,0.46,0.739347826,3.204348045,842,842,49.0125,8.302778
BNA0519,6,Steam turbine,Waste,38,0.33,0,0,38,38,51.51543,6.99382
BNA0520,32,Steam turbine,Biomass,78,0.38,0,0,78,78,49.0393,8.31134
BNA0521,226,Steam turbine,NaturalGas,50,0.3707,0.544375506,0,50,50,51.279099,9.484012
BNA0523,226,Steam turbine,Lignite,33.5,0.3712,0.978717672,0,33.5,33.5,51.279099,9.484012
BNA0526,433,Steam turbine,HardCoal,323,0.405,0.839753086,0.606584404,323,323,54.33945,10.1766
BNA0527,433,Steam turbine,NaturalGas,31,0.352,0.573295455,0,31,31,54.327536,10.12674
BNA0531,214,Combined cycle,NaturalGas,201.5,0.45,0.448444444,0,201.5,201.5,52.19507,8.6482
BNA0543,104,Steam turbine,Lignite,75.3,0.424,0.856839623,0,75.3,75.3,51.01781,6.96435
BNA0544,111,Combined cycle,NaturalGas,35,0.513,0.39337232,0,35,35,50.91697,6.95725
BNA0545,109,Combined cycle,NaturalGas,413,0.576,0.350347222,0,413,413,50.97492,6.98803
BNA0546,104,Combined cycle,NaturalGas,108,0.558,0.361648746,0,108,108,51.01781,6.96435
BNA0547,106,Combined cycle,Oil(heavy),80,0.38,0.771052632,0,80,80,50.85475,6.98084
BNA0548a,168,Combined cycle,NaturalGas,800,0.567,0.355908289,0,800,800,50.861708,6.842353
BNA0548b,168,Combined cycle,NaturalGas,430,0.5985,0.337176274,0,430,430,50.861708,6.842353
BNA0549,365,Steam turbine,Biomass,17.1,0.38,0,0,17.1,17.1,52.30479,13.63603
BNA0553,313,Steam turbine,Biomass,15.1,0.38,0,0,15.1,15.1,48.79123,11.50679
BNA0556a,88,Steam turbine,NaturalGas,25.8,0.3894,0.518233179,0,25.8,25.8,51.339183,6.664238
BNA0556b,8,Combustion Engine,NaturalGas,14,0.4476,0.450848972,0,14,14,51.339183,6.664238
BNA0557a,83,Steam turbine,HardCoal,26,0.3175,1.071181102,3.095013335,26,26,51.369811,6.6615
BNA0557b,83,Steam turbine,HardCoal,110,0.3525,0.964822695,2.787707046,110,110,51.369811,6.6615
BNA0566,295,Steam turbine,Biomass,8.4,0.38,0,0,8.4,8.4,48.49331,11.17662
BNA0573,386,Steam turbine,Biomass,22,0.38,0,0,22,22,52.57703,9.11009
BNA0574a,386,Gas turbine,NaturalGas,56,0.3553,0.567970729,0,56,56,52.54585,9.11363
BNA0588,345,Combined cycle,NaturalGas,167,0.585,0.344957265,0,167,167,51.35119,12.37843
BNA0590,143,Steam turbine,Waste,16.3,0.33,0,0,16.3,16.3,51.29976,12.0193
BNA0591,143,Steam turbine,Waste,16.3,0.33,0,0,16.3,16.3,51.29976,12.0193
BNA0592,143,Combined cycle,NaturalGas,52,0.531,0.380037665,0,52,52,51.29976,12.0193
BNA0593,143,Combined cycle,NaturalGas,35,0.513,0.39337232,0,35,35,51.29976,12.0193
BNA0594,143,Combined cycle,NaturalGas,35,0.513,0.39337232,0,35,35,51.29976,12.0193
BNA0595,143,Combined cycle,NaturalGas,37,0.513,0.39337232,0,37,37,51.29976,12.0193
BNA0596,143,Combined cycle,Oil(heavy),92.5,0.38,0.771052632,0,92.5,92.5,51.29976,12.0193
BNA0597,143,Combined cycle,OtherFuels,8.7,0.33,0,0,8.7,8.7,51.29976,12.0193
BNA0598a,373,Steam turbine,OtherFuels,14,0.33,0,0,14,14,51.79988,11.7581
BNA0598b,143,Combined cycle,OtherFuels,20,0.33,0,0,20,20,51.29976,12.0193
BNA0599,110,Steam turbine,Waste,6,0.33,0,0,6,6,51.045222,7.00254
BNA0600a,110,Steam turbine,NaturalGas,27,0.3641,0.55424334,0,27,27,51.01443,6.98733
BNA0600b,83,Steam turbine,HardCoal,103,0.33,1.030606061,2.977777981,103,103,51.368872,6.654106
BNA0601,182,Steam turbine,Biomass,14,0.38,0,0,14,14,50.70213,8.0732
BNA0602,392,Combined cycle,NaturalGas,116,0.5895,0.342324003,0,116,116,52.481878,7.306658
BNA0603,392,Combined cycle,NaturalGas,116,0.5895,0.342324003,0,116,116,52.481878,7.306658
BNA0604,392,Combined cycle,NaturalGas,359,0.4185,0.482198327,0,359,359,52.481878,7.306658
BNA0605,392,Combined cycle,NaturalGas,359,0.423,0.477068558,0,359,359,52.481878,7.306658
BNA0606,392,Combined cycle,NaturalGas,887,0.585,0.344957265,0,887,887,52.481878,7.306658
BNA0607,392,Steam turbine,Nuclear,1336,0.33,0,0,1336,1336,52.481878,7.306658
BNA0614a,250,Gas turbine,NaturalGas,43,0.3592,0.561804009,0,43,43,49.51395,8.43151
BNA0614b,250,Combined cycle,NaturalGas,490,0.5625,0.358755556,0,490,490,49.51373,8.431556
BNA0615,250,Combined cycle,NaturalGas,390,0.5265,0.38328585,0,390,390,49.513617,8.431603
BNA0616a,131,Steam turbine,Waste,12,0.33,0,0,12,12,48.552941,8.407401
BNA0616b,252,Combined cycle,OtherFuels,56,0.33,0,0,56,56,48.552941,8.407401
BNA0617,91,Steam turbine,Biomass,20,0.38,0,0,20,20,51.61403992,7.481253974
BNA0618,91,Steam turbine,HardCoal,149,0.415,0.819518072,2.367871648,149,149,51.61403992,7.481253974
BNA0619,91,Steam turbine,HardCoal,324,0.4175,0.814610778,2.353692776,324,324,51.61403992,7.481253974
BNA0621,337,Steam turbine,Biomass,18.1,0.38,0,0,18.1,18.1,51.870883,12.569466
BNA0622,375,Steam turbine,Waste,29.2,0.33,0,0,29.2,29.2,52.18534,11.67906
BNA0623,375,Steam turbine,Waste,29.2,0.33,0,0,29.2,29.2,52.18534,11.67906
BNA0626,200,Combined cycle,NaturalGas,434.2,0.5445,0.370615243,0,434.2,434.2,50.026426,8.237935
BNA0627,200,Combined cycle,NaturalGas,335,0.4365,0.46231386,0,335,335,50.0252,8.24292
BNA0628,419,Steam turbine,Biomass,9.8,0.38,0,0,9.8,9.8,53.74186,12.78302
BNA0636,250,Steam turbine,Biomass,17.9,0.38,0,0,17.9,17.9,49.51644467,8.460246482
BNA0637,250,Steam turbine,Biomass,59.2,0.38,0,0,59.2,59.2,49.5349,8.46358
BNA0640,250,Steam turbine,Waste,8.7,0.33,0,0,8.7,8.7,49.5224,8.45294
BNA0641a,250,Steam turbine,Waste,22.1,0.33,0,0,22.1,22.1,49.5224,8.45294
BNA0641b,250,Steam turbine,Waste,8.1,0.33,0,0,8.1,8.1,49.52277,8.45292
BNA0641c,250,Steam turbine,Waste,5.8,0.33,0,0,5.8,5.8,49.52277,8.45292
BNA0643,252,Steam turbine,HardCoal,202.5,0.35,0.971714286,4.211428859,202.5,202.5,49.445694,8.490444
BNA0644,252,Steam turbine,HardCoal,255,0.4375,0.777371429,3.369143088,255,255,49.445694,8.490444
BNA0645,34,Steam turbine,HardCoal,425,0.38,0.895,3.878947634,425,425,49.445694,8.490444
BNA0646a,252,Steam turbine,HardCoal,435,0.4075,0.834601227,3.617178161,435,435,49.445694,8.490444
BNA0646b,34,Steam turbine,HardCoal,843,0.4625,0.735351351,3.187027245,843,843,49.445694,8.490444
BNA0647,270,Gas turbine,Oil(light),77.4,0.3046,0.873276428,0,77.4,77.4,48.927497,9.230005
BNA0648,270,Combined cycle,Oil(light),85,0.38,0.7,0,85,85,48.927497,9.230005
BNA0649,270,Combined cycle,Oil(light),262,0.38,0.7,0,262,262,48.927497,9.230005
BNA0658,148,Combined cycle,NaturalGas,61.1,0.5535,0.364588979,0,61.1,61.1,51.68037,7.09688
BNA0659,148,Combined cycle,NaturalGas,77.6,0.5535,0.364588979,0,77.6,77.6,51.68037,7.09688
BNA0660,148,Steam turbine,HardCoal,55.3,0.3525,0.964822695,2.787707046,55.3,55.3,51.68037,7.09688
BNA0661,148,Steam turbine,HardCoal,60.4,0.34,1.000294118,2.890196276,60.4,60.4,51.68037,7.09688
BNA0662a,148,Steam turbine,HardCoal,60.2,0.3825,0.889150327,2.569063357,60.2,60.2,51.68037,7.09688
BNA0662b,148,Steam turbine,HardCoal,120,0.2725,1.248073394,3.606116455,120,120,51.68037,7.09688
BNA0680,341,Steam turbine,Lignite,60,0.3232,1.124071782,0,60,60,51.07114395,12.26081401
BNA0681,308,Gas turbine,NaturalGas,78.6,0.315,0.640634921,0,78.6,78.6,48.188278,11.594954
BNA0682,308,Gas turbine,NaturalGas,78.6,0.315,0.640634921,0,78.6,78.6,48.188278,11.594954
BNA0683a,308,Combined cycle,NaturalGas,79.7,0.45,0.448444444,0,79.7,79.7,48.1351253,11.5819806
BNA0683b,308,Combined cycle,NaturalGas,97.9,0.45,0.448444444,0,97.9,97.9,48.1351253,11.5819806
BNA0683c,308,Combined cycle,NaturalGas,97.9,0.45,0.448444444,0,97.9,97.9,48.1351253,11.5819806
BNA0684a,308,Combined cycle,NaturalGas,124.9,0.558,0.361648746,0,124.9,124.9,48.1351253,11.5819806
BNA0684b,308,Combined cycle,NaturalGas,123.9,0.558,0.361648746,0,123.9,123.9,48.1351253,11.5819806
BNA0684c,308,Combined cycle,NaturalGas,127.6,0.558,0.361648746,0,127.6,127.6,48.1351253,11.5819806
BNA0685,35,Combined cycle,NaturalGas,100.2,0.5625,0.358755556,0,100.2,100.2,51.950086,7.641276
BNA0686,257,Steam turbine,Nuclear,1310,0.33,0,0,1310,1310,49.041111,9.175
BNA0688,137,Combined cycle,NaturalGas,75,0.5265,0.38328585,0,75,75,53.5745,13.295142
BNA0692,323,Steam turbine,Biomass,15.6,0.38,0,0,15.6,15.6,49.26133,11.4516
BNA0693,434,Steam turbine,OtherFuels,53.6,0.33,0,0,53.6,53.6,54.0821,10.15
BNA0696,164,Steam turbine,Lignite,277,0.3328,1.091646635,0,277,277,51.039475,6.615041
BNA0697,164,Steam turbine,Lignite,288,0.3328,1.091646635,0,288,288,51.039475,6.615041
BNA0698,164,Steam turbine,Lignite,292,0.3352,1.083830549,0,292,292,51.039475,6.615041
BNA0699,164,Steam turbine,Lignite,607,0.34,1.068529412,0,607,607,51.039475,6.615041
BNA0700,164,Steam turbine,Lignite,604,0.3424,1.06103972,0,604,604,51.039475,6.615041
BNA0701,115,Steam turbine,Biomass,12.1,0.38,0,0,12.1,12.1,51.204956,6.708548
BNA0702,314,Steam turbine,NaturalGas,25.4,0.3806,0.530215449,0,25.4,25.4,48.78789,11.75617
BNA0705,165,Steam turbine,Lignite,297,0.3232,1.124071782,0,297,297,50.995692,6.669039
BNA0706,165,Steam turbine,Lignite,299,0.3304,1.099576271,0,299,299,50.995692,6.669039
BNA0707,165,Steam turbine,Lignite,648,0.4216,0.861717268,0,648,648,50.995692,6.669039
BNA0708,165,Steam turbine,Lignite,653,0.4192,0.866650763,0,653,653,50.995692,6.669039
BNA0709,165,Steam turbine,Lignite,944,0.4048,0.897480237,0,944,944,50.995692,6.669039
BNA0712,165,Steam turbine,Lignite,294,0.316,1.149683544,0,294,294,50.995692,6.669039
BNA0713,165,Steam turbine,Lignite,295,0.328,1.107621951,0,295,295,50.995692,6.669039
BNA0714,165,Steam turbine,Lignite,15,0.3616,1.004701327,0,15,15,50.945598,6.663576
BNA0734,365,Gas turbine,NaturalGas,37.5,0.3514,0.574274331,0,37.5,37.5,52.23015,13.30195
BNA0735,365,Gas turbine,NaturalGas,37.5,0.3514,0.574274331,0,37.5,37.5,52.23015,13.30195
BNA0736,365,Gas turbine,NaturalGas,37.5,0.3514,0.574274331,0,37.5,37.5,52.23015,13.30195
BNA0737,365,Gas turbine,NaturalGas,37.5,0.3514,0.574274331,0,37.5,37.5,52.23015,13.30195
BNA0738,365,Gas turbine,NaturalGas,36.5,0.3462,0.582900058,0,36.5,36.5,52.23015,13.30195
BNA0739,365,Gas turbine,NaturalGas,36.5,0.3462,0.582900058,0,36.5,36.5,52.23015,13.30195
BNA0740,365,Gas turbine,NaturalGas,36.5,0.3462,0.582900058,0,36.5,36.5,52.23015,13.30195
BNA0741,365,Gas turbine,NaturalGas,36.5,0.3462,0.582900058,0,36.5,36.5,52.23015,13.30195
BNA0742,324,Combined cycle,NaturalGas,75,0.5625,0.358755556,0,75,75,49.438611,11.060556
BNA0743,324,Combined cycle,NaturalGas,75,0.5625,0.358755556,0,75,75,49.438611,11.060556
BNA0744,324,Combined cycle,NaturalGas,383,0.4185,0.482198327,0,383,383,49.420836,11.007737
BNA0745,324,Combined cycle,NaturalGas,440,0.432,0.46712963,0,440,440,49.420836,11.007737
BNA0746,324,Combined cycle,Waste,18,0.33,0,0,18,18,49.438611,11.060556
BNA0750,96,Steam turbine,Waste,40.4,0.33,0,0,40.4,40.4,51.48548,6.8344
BNA0751,96,Steam turbine,Waste,21.1,0.33,0,0,21.1,21.1,51.48548,6.8344
BNA0752,84,Steam turbine,NaturalGas,23.1,0.3542,0.569734613,0,23.1,23.1,51.470671,6.861598
BNA0753,84,Steam turbine,NaturalGas,24.5,0.3795,0.531752306,0,24.5,24.5,51.470671,6.861598
BNA0755a,128,Combined cycle,NaturalGas,36,0.18,1.121111111,0,36,36,49.82935,9.14824
BNA0755b,128,Combined cycle,NaturalGas,64,0.5175,0.389951691,0,64,64,49.82935,9.14824
BNA0756,254,Steam turbine,Biomass,18.8,0.38,0,0,18.8,18.8,49.011491,9.67177
BNA0758,72,Steam turbine,HardCoal,54,0.4,0.85025,3.070833543,54,54,50.065155,8.768964
BNA0759,431,Steam turbine,Oil(light),88,0.3542,0.750988142,0,88,88,53.966422,9.449486
BNA0766,436,Steam turbine,Oil(light),87,0.3553,0.748663102,0,87,87,54.290672,9.722775
BNA0775,395,Steam turbine,Biomass,20,0.38,0,0,20,20,53.09716,7.3954
BNA0785,357,Steam turbine,Lignite,465,0.3904,0.930584016,0,465,465,51.83444099,14.45903778
BNA0786,357,Steam turbine,Lignite,465,0.3904,0.930584016,0,465,465,51.83444099,14.45903778
BNA0787,357,Steam turbine,Lignite,465,0.3904,0.930584016,0,465,465,51.83444099,14.45903778
BNA0788,357,Steam turbine,Lignite,465,0.3904,0.930584016,0,465,465,51.83444099,14.45903778
BNA0789,357,Steam turbine,Lignite,465,0.3904,0.930584016,0,465,465,51.83444099,14.45903778
BNA0790,357,Steam turbine,Lignite,465,0.3904,0.930584016,0,465,465,51.83444099,14.45903778
BNA0793,60,Steam turbine,HardCoal,875,0.3925,0.866496815,1.251804757,875,875,52.38279238,8.996004114
BNA0797,265,Steam turbine,Biomass,12.3,0.38,0,0,12.3,12.3,48.89705,8.725
BNA0799,265,Steam turbine,NaturalGas,11.3,0.3509,0.575092619,0,11.3,11.3,48.88316,8.6653
BNA0800,265,Combined cycle,NaturalGas,41.2,0.45,0.448444444,0,41.2,41.2,48.88316,8.6653
BNA0801,265,Steam turbine,HardCoal,26.9,0.4,0.85025,3.685000252,26.9,26.9,48.88316,8.6653
BNA0802,261,Steam turbine,Nuclear,1402,0.33,0,0,1402,1402,49.252722,8.435436
BNA0804a,180,Steam turbine,NaturalGas,35,0.3432,0.587995338,0,35,35,50.81257,9.97797
BNA0804b,180,Steam turbine,NaturalGas,17.3,0.3993,0.505384423,0,17.3,17.3,50.83971,9.98144
BNA0805,129,Combined cycle,NaturalGas,97.9,0.585,0.344957265,0,97.9,97.9,48.78742,12.88246
BNA0810,203,Gas turbine,NaturalGas,65,0.3124,0.645966709,0,65,65,52.19004,8.93318
BNA0813,203,Steam turbine,HardCoal,303,0.35,0.971714286,1.40380962,303,303,52.19004,8.93318
BNA0814,371,Steam turbine,NaturalGas,81.8,0.3806,0.530215449,0,81.8,81.8,52.36605,13.11251
BNA0820,238,Steam turbine,HardCoal,655.6,0.365,0.931780822,4.038356441,655.6,655.6,49.33413028,7.031355928
BNA0826,154,Steam turbine,Biomass,14,0.38,0,0,14,14,51.604008,7.250848
BNA0832,277,Combustion Engine,NaturalGas,9.8,0.4574,0.441189331,0,9.8,9.8,48.49395,9.18563
BNA0834,95,Gas turbine,NaturalGas,79,0.315,0.640634921,0,79,79,51.56489,6.57824
BNA0842a,305,Combustion Engine,NaturalGas,9.8,0.4574,0.441189331,0,9.8,9.8,47.856134,12.134085
BNA0842b,305,Combustion Engine,NaturalGas,9.2,0.4602,0.438504998,0,9.2,9.2,47.85593,12.1341
BNA0843,305,Combustion Engine,NaturalGas,4.3,0.4588,0.439843069,0,4.3,4.3,47.856134,12.134085
BNA0845,305,Steam turbine,Waste,9,0.33,0,0,9,9,47.856134,12.134085
BNA0848,422,Combined cycle,NaturalGas,108,0.522,0.386590038,0,108,108,54.125454,12.081897
BNA0849,422,Steam turbine,HardCoal,514,0.41,0.829512195,1.198374066,514,514,54.14282177,12.13287489
BNA0855,362,Steam turbine,Waste,30,0.33,0,0,30,30,52.49028,13.82987
BNA0856,331,Steam turbine,NaturalGas,26.5,0.3938,0.512442864,0,26.5,26.5,50.686928,11.329303
BNA0857,200,Combined cycle,NaturalGas,112.1,0.5355,0.376844071,0,112.1,112.1,49.99204,8.41411
BNA0860,332,Steam turbine,Biomass,12.8,0.38,0,0,12.8,12.8,50.49776,11.65616
BNA0861a,238,Combined cycle,NaturalGas,75,0.594,0.33973064,0,75,75,49.223899,7.014899
BNA0861b,238,Steam turbine,HardCoal,50,0.4375,0.777371429,3.369143088,50,50,49.223899,7.014899
BNA0863,377,Steam turbine,OtherFuels,94.5,0.33,0,0,94.5,94.5,52.1579,10.39579
BNA0864,377,Steam turbine,OtherFuels,97,0.33,0,0,97,97,52.1579,10.39579
BNA0865b,377,Steam turbine,OtherFuels,97,0.33,0,0,97,97,52.1579,10.39579
BNA0878,143,Steam turbine,Lignite,450,0.3904,0.930584016,0,450,450,51.39845463,11.9504201
BNA0879,143,Steam turbine,Lignite,450,0.3904,0.930584016,0,450,450,51.39845463,11.9504201
BNA0893,358,Combined cycle,NaturalGas,122,0.513,0.39337232,0,122,122,51.47617,13.8891
BNA0894a,360,Steam turbine,Oil(heavy),28,0.3542,0.827216262,0,28,28,53.09818,14.23454
BNA0894b,360,Steam turbine,Oil(heavy),34.5,0.3784,0.774312896,0,34.5,34.5,53.09818,14.23454
BNA0894c,360,Steam turbine,Oil(heavy),106,0.3828,0.765412748,0,106,106,53.09818,14.23454
BNA0894d,360,Steam turbine,Oil(heavy),106,0.3828,0.765412748,0,106,106,53.09818,14.23454
BNA0894e,360,Steam turbine,Oil(heavy),59,0.3971,0.737849408,0,59,59,53.09818,14.23454
BNA0895,230,Steam turbine,Waste,24.4,0.33,0,0,24.4,24.4,50.02969,10.224
BNA0896,416,Steam turbine,NaturalGas,44.9,0.3784,0.533298097,0,44.9,44.9,53.57787,11.39647
BNA0897,416,Steam turbine,NaturalGas,23,0.3784,0.533298097,0,23,23,53.653917,11.372972
BNA0914,355,Steam turbine,Lignite,750,0.3928,0.924898167,0,750,750,51.53482028,14.35312271
BNA0915,355,Steam turbine,Lignite,750,0.3952,0.919281377,0,750,750,51.53482028,14.35312271
BNA0918a,64,Steam turbine,NaturalGas,190,0.3542,0.569734613,0,190,190,53.6519197,9.5078665
BNA0918b,64,Combined cycle,NaturalGas,173,0.603,0.334660033,0,173,173,53.6519197,9.5078665
BNA0922,373,Combined cycle,NaturalGas,132,0.522,0.386590038,0,132,132,51.865527,11.573813
BNA0926a,128,Steam turbine,Biomass,14,0.38,0,0,14,14,49.97745,9.06872
BNA0926b,128,Steam turbine,HardCoal,24.8,0.3475,0.978705036,6.362590363,24.8,24.8,49.97745,9.06872
BNA0934,273,Steam turbine,HardCoal,22.6,0.4475,0.76,3.293854974,22.6,22.6,48.782453,9.231483
BNA0935,273,Steam turbine,HardCoal,45,0.38,0.895,3.878947634,45,45,48.815833,9.221111
BNA0936,273,Steam turbine,HardCoal,45,0.385,0.883376623,3.82857169,45,45,48.815833,9.221111
BNA0937,273,Gas turbine,Oil(light),23.3,0.3124,0.851472471,0,23.3,23.3,48.815833,9.221111
BNA0938,273,Gas turbine,Oil(light),23.3,0.3124,0.851472471,0,23.3,23.3,48.815833,9.221111
BNA0939a,273,Steam turbine,Waste,19.5,0.33,0,0,19.5,19.5,48.81253,9.21895
BNA0939b,273,Gas turbine,Oil(light),23.3,0.3124,0.851472471,0,23.3,23.3,48.815833,9.221111
BNA0957,276,Steam turbine,NaturalGas,13.4,0.385,0.524155844,0,13.4,13.4,48.510855,9.071463
BNA0969a,308,Steam turbine,Waste,18,0.33,0,0,18,18,48.180506,11.639612
BNA0969b,308,Steam turbine,HardCoal,332.7,0.4025,0.844968944,6.103520086,332.7,332.7,48.180506,11.639612
BNA0969c,308,Steam turbine,Waste,22,0.33,0,0,22,22,48.180506,11.639612
BNA0989,86,Steam turbine,HardCoal,318,0.3525,0.964822695,2.787707046,318,318,51.57962,6.67888
BNA0990,86,Steam turbine,HardCoal,322,0.3525,0.964822695,2.787707046,322,322,51.57962,6.67888
BNA0991,86,Steam turbine,HardCoal,695,0.4375,0.777371429,2.246095392,695,695,51.576475,6.689428
BNA0992,86,Steam turbine,HardCoal,695,0.4375,0.777371429,2.246095392,695,695,51.576475,6.689428
BNA0993,312,Steam turbine,NaturalGas,415,0.3564,0.566217733,0,415,415,48.76702,11.580033
BNA0994,312,Combined cycle,NaturalGas,846,0.585,0.344957265,0,846,846,48.76702,11.580033
BNA0995,312,Combined cycle,NaturalGas,545,0.5895,0.342324003,0,545,545,48.76702,11.580033
BNA0997,26,Combustion Engine,OtherFuels,42,0.4462,0,0,42,42,49.249018,6.879244
BNA0998,26,Steam turbine,HardCoal,179,0.38,0.895,3.878947634,179,179,49.249018,6.879244
BNA0999,26,Steam turbine,HardCoal,211,0.3975,0.855597484,3.708176354,211,211,49.249018,6.879244
BNA1002,341,Steam turbine,Lignite,31,0.3856,0.94216805,0,31,31,51.16664,12.07622
BNA1004,270,Gas turbine,Oil(light),136,0.3306,0.804597701,0,136,136,49.017472,9.157389
BNA1005,270,Steam turbine,HardCoal,96,0.4525,0.75160221,3.257458786,96,96,49.017472,9.157389
BNA1006,270,Steam turbine,HardCoal,148,0.4525,0.75160221,3.257458786,148,148,49.017472,9.157389
BNA1007a,302,Gas turbine,Oil(light),24,0.3488,0.762614679,0,24,24,47.683464,10.31911
BNA1007b,302,Steam turbine,Oil(light),10.5,0.3608,0.737250554,0,10.5,10.5,47.683464,10.31911
BNA1015,410,Gas turbine,Oil(light),50.5,0.3072,0.865885417,0,50.5,50.5,53.56625104,9.728479385
BNA1016,410,Gas turbine,Oil(light),50.5,0.3072,0.865885417,0,50.5,50.5,53.56625104,9.728479385
BNA1020,169,Steam turbine,Waste,24,0.33,0,0,24,24,50.83859,6.32117
BNA1025,169,Steam turbine,Lignite,312,0.316,1.149683544,0,312,312,50.839167,6.321111
BNA1026,169,Steam turbine,Lignite,304,0.3208,1.132481297,0,304,304,50.839167,6.321111
BNA1027,169,Steam turbine,Lignite,592,0.3376,1.076125592,0,592,592,50.839167,6.321111
BNA1028,169,Steam turbine,Lignite,592,0.34,1.068529412,0,592,592,50.839167,6.321111
BNA1037,3676,Steam turbine,HardCoal,310,0.38,0.895,2.585965089,310,310,51.276361,7.705667
BNA1039,145,Combined cycle,NaturalGas,55,0.4185,0.482198327,0,55,55,51.672453,7.709947
BNA1040,145,Combined cycle,NaturalGas,55,0.4185,0.482198327,0,55,55,51.672453,7.709947
BNA1041,145,Gas turbine,NaturalGas,55,0.3098,0.651387992,0,55,55,51.672453,7.709947
BNA1042,145,Gas turbine,NaturalGas,55,0.3098,0.651387992,0,55,55,51.672453,7.709947
BNA1046a,145,Steam turbine,HardCoal,607.5,0.385,0.883376623,2.552381127,607.5,607.5,51.672453,7.709947
BNA1046b,145,Gas turbine,NaturalGas,112,0.3384,0.596335697,0,112,112,51.672453,7.709947
BNA1055,200,Steam turbine,Biomass,6.7,0.38,0,0,6.7,6.7,50.040546,8.253248
BNA1056,200,Steam turbine,NaturalGas,25,0.3916,0.515321757,0,25,25,50.040546,8.253248
BNA1060,407,Gas turbine,Oil(light),56,0.3098,0.858618464,0,56,56,53.565819,8.146245
BNA1061,407,Steam turbine,HardCoal,757,0.365,0.931780822,0.673059407,757,757,53.565819,8.146245
BNA1074,337,Steam turbine,NaturalGas,40,0.3817,0.528687451,0,40,40,51.643127,12.228892
BNA1075a,226,Steam turbine,HardCoal,61.5,0.425,0.800235294,2.890196276,61.5,61.5,51.25292,9.43796
BNA1075b,56,Steam turbine,HardCoal,61.5,0.425,0.800235294,1.15607851,61.5,61.5,52.43279,10.78611
BNA1076a,226,Steam turbine,HardCoal,138.5,0.3875,0.877677419,3.16989269,138.5,138.5,51.25292,9.43796
BNA1076b,226,Steam turbine,HardCoal,138.5,0.3875,0.877677419,3.16989269,138.5,138.5,52.44223,10.76454
BNA1078,32,Steam turbine,NaturalGas,59,0.3938,0.512442864,0,59,59,49.06996,8.30702
BNA1082,174,Combined cycle,NaturalGas,82,0.5625,0.358755556,0,82,82,51.268889,7.200278
BNA1083,174,Combined cycle,Oil(light),60,0.38,0.7,0,60,60,51.268889,7.200278
BNA1084,119,Steam turbine,HardCoal,85,0.3975,0.855597484,2.472117569,85,85,51.24835,7.11874
BNA1085,232,Combined cycle,NaturalGas,23,0.4095,0.492796093,0,23,23,49.800041,9.923136
BNA1086,232,Combined cycle,NaturalGas,25,0.5085,0.396853491,0,25,25,49.800041,9.923136
BNA1087,232,Combined cycle,NaturalGas,29.5,0.5805,0.347631352,0,29.5,29.5,49.800041,9.923136
BNA1088,232,Combined cycle,NaturalGas,44.5,0.5625,0.358755556,0,44.5,44.5,49.800041,9.923136
BNA1089,375,Steam turbine,NaturalGas,52,0.3806,0.530215449,0,52,52,52.29848,11.67963
BNA1091,311,Steam turbine,Biomass,18.3,0.38,0,0,18.3,18.3,48.45534,11.8019
BNA1092,311,Gas turbine,Oil(light),46,0.3176,0.837531486,0,46,46,48.45534,11.8019
BNA1093,311,Steam turbine,HardCoal,472,0.4525,0.75160221,5.429097977,472,472,48.455353,11.799456
BNA1094,69,Steam turbine,NaturalGas,15.1,0.3476,0.580552359,0,15.1,15.1,50.7055,6.65362
BNA1097,69,Steam turbine,Lignite,14.4,0.424,0.856839623,0,14.4,14.4,50.7055,6.65362
BNA1103,296,Steam turbine,NaturalGas,29,0.3476,0.580552359,0,29,29,48.38008,10.90143
BNA1104,296,Steam turbine,NaturalGas,18,0.3586,0.562744004,0,18,18,48.37509,10.90277
BNA1105,228,Steam turbine,NaturalGas,9.7,0.3784,0.533298097,0,9.7,9.7,50.800266,10.220563
BNA1108,337,Steam turbine,Waste,9.9,0.33,0,0,9.9,9.9,51.62965,12.28922
BNA1110,272,Steam turbine,Waste,9.5,0.33,0,0,9.5,9.5,48.68552315,9.049525695
BNA1114,401,Steam turbine,Waste,44,0.33,0,0,44,44,53.114562,8.818186
BNA1115,67,Steam turbine,OtherFuels,85,0.33,0,0,85,85,49.35485,6.73149
BNA1116,404,Steam turbine,Waste,14,0.33,0,0,14,14,53.54782,8.61792
BNA1117,128,Steam turbine,NaturalGas,11.4,0.3839,0.525657723,0,11.4,11.4,49.81082,9.01169
BNA1119,315,Steam turbine,Waste,12.5,0.33,0,0,12.5,12.5,48.18508,12.73606
BNA1120,154,Gas turbine,NaturalGas,10.2,0.3566,0.565900168,0,10.2,10.2,51.57442,7.29794
BNA1121,154,Steam turbine,NaturalGas,0.9,0.3905,0.516773367,0,0.9,0.9,51.57442,7.29794
BNA1125,199,Gas turbine,NaturalGas,10,0.3774,0.534711182,0,10,10,49.8828183,8.628718585
BNA1127,317,Gas turbine,NaturalGas,6.7,0.3748,0.538420491,0,6.7,6.7,48.640307,12.463436
BNA1128,317,Gas turbine,NaturalGas,6.7,0.3748,0.538420491,0,6.7,6.7,48.640307,12.463436
BNA1131,170,Steam turbine,NaturalGas,14,0.3971,0.508184336,0,14,14,50.77284,6.49003
BNA1138,118,Steam turbine,NaturalGas,10.2,0.385,0.524155844,0,10.2,10.2,51.21686,6.94733
BNA1139,268,Steam turbine,Waste,13.6,0.33,0,0,13.6,13.6,47.89061,7.61608
BNA1141,71,Steam turbine,Lignite,14.5,0.4312,0.842532468,0,14.5,14.5,50.65803,6.81012
BNA1144,274,Steam turbine,Waste,11,0.33,0,0,11,11,48.68232,9.67126
BNA1148,145,Steam turbine,Waste,14.6,0.33,0,0,14.6,14.6,51.68039,7.74422
BNA1151,58,Steam turbine,NaturalGas,13.5,0.3872,0.521177686,0,13.5,13.5,49.42158,8.67284
BNA1154,92,Steam turbine,Waste,12.5,0.33,0,0,12.5,12.5,51.55728,7.16406
BNA1155,92,Steam turbine,Waste,17.1,0.33,0,0,17.1,17.1,51.55728,7.16406
BNA1161,313,Steam turbine,Waste,25.5,0.33,0,0,25.5,25.5,48.7645,11.49185
BNA1164,170,Steam turbine,Lignite,24.6,0.4096,0.886962891,0,24.6,24.6,50.91517,6.36935
BNA1165,147,Steam turbine,NaturalGas,11.4,0.3894,0.518233179,0,11.4,11.4,51.72967,6.35865
BNA1166,95,Steam turbine,Oil(light),4.8,0.3817,0.696882368,0,4.8,4.8,51.52242,6.57467
BNA1167,95,Steam turbine,Waste,16,0.33,0,0,16,16,51.52242,6.57467
BNA1168,226,Steam turbine,Waste,14.7,0.33,0,0,14.7,14.7,51.2976283,9.52410538
BNA1182,104,Steam turbine,NaturalGas,15.5,0.3465,0.582395382,0,15.5,15.5,51.017899,6.964045
BNA1183,108,Combined cycle,NaturalGas,15.8,0.5445,0.370615243,0,15.8,15.8,50.94308239,7.085239192
BNA1184,104,Steam turbine,Waste,45.1,0.33,0,0,45.1,45.1,51.0003,6.94358
BNA1185,373,Steam turbine,Lignite,20.3,0.3832,0.948068894,0,20.3,20.3,51.69784,11.7581
BNA1186a,83,Steam turbine,Waste,13.5,0.33,0,0,13.5,13.5,51.38038,6.63732
BNA1186b,83,Steam turbine,Waste,13.8,0.33,0,0,13.8,13.8,51.38038,6.63732
BNA1186c,83,Steam turbine,Waste,1.5,0.33,0,0,1.5,1.5,51.38038,6.63732
BNA1186d,83,Steam turbine,Waste,2.8,0.33,0,0,2.8,2.8,51.38038,6.63732
BNA1186e,83,Steam turbine,Waste,1.5,0.33,0,0,1.5,1.5,51.38038,6.63732
BNA1187,216,Steam turbine,NaturalGas,10.2,0.363,0.555922865,0,10.2,10.2,51.98614,8.80732
BNA1190,352,Steam turbine,Waste,15.7,0.33,0,0,15.7,15.7,51.45071,14.11215
BNA1193,216,Steam turbine,NaturalGas,12.8,0.3872,0.521177686,0,12.8,12.8,52.026244,8.866597
BNA1196a,252,Steam turbine,NaturalGas,12.5,0.3938,0.512442864,0,12.5,12.5,49.45308,8.43364
BNA1196b,252,Combined cycle,NaturalGas,12,0.5535,0.364588979,0,12,12,49.453181,8.433592
BNA1197,250,Steam turbine,Waste,28,0.33,0,0,28,28,49.48505,8.42622
BNA1198,341,Steam turbine,Waste,25.4,0.33,0,0,25.4,25.4,51.18158,12.01965
BNA1199,200,Steam turbine,Waste,15.6,0.33,0,0,15.6,15.6,50.02594,8.24183
BNA1200,250,Combined cycle,NaturalGas,17.2,0.5625,0.358755556,0,17.2,17.2,49.53071,8.47088
BNA1212,49,Steam turbine,Oil(light),11.4,0.3718,0.715438408,0,11.4,11.4,48.062671,10.486643
BNA1222,196,Steam turbine,Waste,10.4,0.33,0,0,10.4,10.4,50.06533,8.76898
BNA1225,303,Steam turbine,NaturalGas,5.3,0.3729,0.541163851,0,5.3,5.3,47.789499,11.055371
BNA1226,303,Steam turbine,NaturalGas,5.3,0.3707,0.544375506,0,5.3,5.3,47.789499,11.055371
BNA1227,49,Steam turbine,Oil(light),11.4,0.3663,0.726180726,0,11.4,11.4,47.912537,10.61174
BNA1229,245,Steam turbine,Waste,15,0.33,0,0,15,15,49.22822,7.59553
BNA1232,372,Steam turbine,Waste,2.5,0.33,0,0,2.5,2.5,52.53505,12.36259
BNA1233,372,Steam turbine,Waste,14.5,0.33,0,0,14.5,14.5,52.53505,12.36259
BNA1238,305,Steam turbine,NaturalGas,12.6,0.385,0.524155844,0,12.6,12.6,48.056351,12.185174
BNA1243,422,Steam turbine,Waste,17,0.33,0,0,17,17,54.14465,12.14123
BNA1244,26,Steam turbine,Waste,15.8,0.33,0,0,15.8,15.8,49.21387,6.83445
BNA1248a,49,Steam turbine,NaturalGas,82,0.3509,0.575092619,0,82,82,47.80811,10.90251
BNA1248b,49,Steam turbine,NaturalGas,65,0.4015,0.502615193,0,65,65,47.80811,10.90251
BNA1249,49,Steam turbine,OtherFuels,6,0.33,0,0,6,6,47.80811,10.90251
BNA1254,321,Steam turbine,Waste,54,0.33,0,0,54,54,49.30998,12.08795
BNA1255,360,Steam turbine,Waste,28.9,0.33,0,0,28.9,28.9,53.083056,14.321443
BNA1256,360,Steam turbine,Biomass,13.3,0.38,0,0,13.3,13.3,53.08672,14.31935
BNA1260,272,Steam turbine,NaturalGas,95,0.3993,0.505384423,0,95,95,48.697222,8.999167
BNA1261,415,Steam turbine,Waste,16.4,0.33,0,0,16.4,16.4,53.6187,10.224463
BNA1262,373,Steam turbine,Waste,24,0.33,0,0,24,24,51.86615,11.576296
BNA1264,330,Steam turbine,NaturalGas,13.5,0.3795,0.531752306,0,13.5,13.5,50.6315,10.69866
BNA1271,180,Steam turbine,NaturalGas,33.6,0.3465,0.582395382,0,33.6,33.6,50.81319,9.97752
BNA1279,106,Combined cycle,NaturalGas,51.9,0.4275,0.472046784,0,51.9,51.9,50.83051,6.95936
BNA1280,106,Combined cycle,Oil(light),66.3,0.38,0.7,0,66.3,66.3,50.83051,6.95936
BNA1284,249,Steam turbine,NaturalGas,11.5,0.3751,0.537989869,0,11.5,11.5,49.66328,8.35894
BNA1285,385,Steam turbine,NaturalGas,19,0.3564,0.566217733,0,19,19,52.41852,9.36815
BNA1286,330,Steam turbine,Waste,11.2,0.33,0,0,11.2,11.2,50.63879437,10.68695146
BNA1289,62,Steam turbine,Waste,12.6,0.33,0,0,12.6,12.6,51.3971,7.69674
BNA1291,68,Steam turbine,Waste,12.5,0.33,0,0,12.5,12.5,50.43486,7.43211
BNA1292a,292,Steam turbine,NaturalGas,11.1,0.3663,0.550914551,0,11.1,11.1,48.670061,10.150584
BNA1292b,292,Steam turbine,NaturalGas,15.4,0.385,0.524155844,0,15.4,15.4,48.670061,10.150584
BNA1293b,165,Steam turbine,Lignite,10,0.388,0.936340206,0,10,10,50.94564,6.66503
BNA1294,414,Steam turbine,Oil(light),38,0.3773,0.705009276,0,38,38,53.485203,9.969562
BNA1295,296,Steam turbine,Waste,10,0.33,0,0,10,10,48.40113,10.9356
BNA1315,268,Steam turbine,NaturalGas,27,0.3861,0.522662523,0,27,27,48.00557217,7.842279817
BNA1316,119,Steam turbine,Waste,30,0.33,0,0,30,30,51.22515,7.14223
BNA1327a,311,Steam turbine,NaturalGas,11.1,0.3762,0.5364168,0,11.1,11.1,48.3591,11.7903
BNA1327b,311,Steam turbine,NaturalGas,7.4,0.3883,0.519701262,0,7.4,7.4,48.3591,11.7903
BNA1328,305,Steam turbine,NaturalGas,24,0.3861,0.522662523,0,24,24,47.79598,12.11927
BNA1329,349,Combined cycle,NaturalGas,12.8,0.5085,0.396853491,0,12.8,12.8,51.05135,13.01661
BNA1330,429,Steam turbine,Waste,17,0.33,0,0,17,17,53.78181,9.42577
BNA1331,210,Steam turbine,HardCoal,19,0.315,1.07968254,3.119576933,19,19,51.39139,8.07304
BNA1332,159,Steam turbine,NaturalGas,24,0.3795,0.531752306,0,24,24,51.46935,6.64358
BNA1333a,272,Steam turbine,NaturalGas,12.2,0.3718,0.542764927,0,12.2,12.2,48.75081,9.1103
BNA1333b,272,Steam turbine,NaturalGas,11.3,0.3509,0.575092619,0,11.3,11.3,48.75081,9.1103
BNA1333c,272,Steam turbine,NaturalGas,11.6,0.3498,0.576901086,0,11.6,11.6,48.75081,9.1103
BNA1334,399,Combined cycle,NaturalGas,14.8,0.549,0.367577413,0,14.8,14.8,53.12099,8.734776
BNA1335a,405,Steam turbine,NaturalGas,58.1,0.3729,0.541163851,0,58.1,58.1,53.40317,8.12821
BNA1335b,405,Steam turbine,NaturalGas,0.5,0.3498,0.576901086,0,0.5,0.5,53.40317,8.12821
BNA1335c,405,Combustion Engine,Biomass,1.92,0.38,0,0,1.92,1.92,53.40317,8.12821
BNA1336,116,Steam turbine,NaturalGas,84,0.3278,0.61561928,0,84,84,51.17565,6.83805
BNA1337b,128,Steam turbine,Biomass,1.1,0.38,0,0,1.1,1.1,49.988218,9.155761
BNA1337c,128,Steam turbine,Biomass,0.8,0.38,0,0,0.8,0.8,49.988218,9.155761
BNA1337d,128,Steam turbine,Oil(light),0.5,0.3751,0.709144228,0,0.5,0.5,49.988218,9.155761
BNA1337e,128,Combined cycle,NaturalGas,47,0.5985,0.337176274,0,47,47,49.988218,9.155761
BNA1338,129,Steam turbine,Oil(light),19,0.3608,0.737250554,0,19,19,48.85906,13.00692
BNA1396,351,Steam turbine,NaturalGas,34.3,0.3828,0.527168234,0,34.3,34.3,51.12697,13.715
BNA1397a,171,Gas turbine,OtherFuels,15.5,0.33,0,0,15.5,15.5,51.06948,6.84669
BNA1397b,171,Gas turbine,OtherFuels,19.2,0.33,0,0,19.2,19.2,51.06948,6.84669
BNA1397c,171,Gas turbine,OtherFuels,15.5,0.33,0,0,15.5,15.5,51.06948,6.84669
BNA1397d,171,Gas turbine,OtherFuels,10.4,0.33,0,0,10.4,10.4,51.06948,6.84669
BNA1397e,171,Gas turbine,OtherFuels,33.6,0.33,0,0,33.6,33.6,51.06948,6.84669
BNA1398,138,Steam turbine,Biomass,18.6,0.38,0,0,18.6,18.6,53.148966,12.379742
BNA1399,96,Steam turbine,OtherFuels,38,0.33,0,0,38,38,51.52462,6.8011
BNA1400a,341,Steam turbine,Lignite,18.5,0.3832,0.948068894,0,18.5,18.5,51.04885,12.11038
BNA1400b,341,Steam turbine,Oil(light),18.5,0.3773,0.705009276,0,18.5,18.5,51.04885,12.11038
BNA1401a,164,Steam turbine,Lignite,1050,0.4288,0.847248134,0,1050,1050,51.0365,6.61332
BNA1401b,164,Steam turbine,Lignite,1050,0.4288,0.847248134,0,1050,1050,51.0365,6.61332
BNA1402,57,Steam turbine,NaturalGas,18.1,0.3795,0.531752306,0,18.1,18.1,52.61796,7.86188
BNA1403,56,Steam turbine,NaturalGas,11.4,0.3795,0.531752306,0,11.4,11.4,52.83005,11.10328
BNA1404,354,Steam turbine,Lignite,640,0.4288,0.847248134,0,640,640,51.41918,14.5698
BNA1405a,297,Steam turbine,HardCoal,20.7,0.37,0.919189189,3.983784056,20.7,20.7,48.39704,9.96484
BNA1405b,297,Steam turbine,Biomass,8.7,0.38,0,0,8.7,8.7,48.39704,9.96484
BNA1405c,297,Steam turbine,Biomass,4.5,0.38,0,0,4.5,4.5,48.39704,9.96484
BNA1406,161,Steam turbine,NaturalGas,18.9,0.3762,0.5364168,0,18.9,18.9,51.2171,6.69654
BNA1407,349,Steam turbine,NaturalGas,13.5,0.3927,0.513878279,0,13.5,13.5,50.87413,13.39436
BNA1408,80,Steam turbine,NaturalGas,16,0.363,0.555922865,0,16,16,47.570794,7.807192
BNA1409,99,Steam turbine,OtherFuels,21,0.33,0,0,21,21,51.41906,6.7385
BNA1437,64,Gas turbine,NaturalGas,30.7,0.4112,0.490758755,0,30.7,30.7,53.65752,9.50198
BNA1444a,323,Gas turbine,NaturalGas,4.2,0.3618,0.557766722,0,4.2,4.2,49.40593,11.13286
BNA1444b,323,Gas turbine,NaturalGas,4.2,0.3618,0.557766722,0,4.2,4.2,49.40593,11.13286
BNA1444c,323,Gas turbine,NaturalGas,5.1,0.3644,0.553787047,0,5.1,5.1,49.40593,11.13286
BNA1444d,323,Gas turbine,NaturalGas,5.1,0.367,0.54986376,0,5.1,5.1,49.40593,11.13286
BNA1447a,249,Steam turbine,Waste,11.9,0.33,0,0,11.9,11.9,49.654569,8.36275
BNA1447b,249,Steam turbine,Waste,6.9,0.33,0,0,6.9,6.9,49.654569,8.36275
BNA1448,244,Steam turbine,Waste,11.6,0.33,0,0,11.6,11.6,49.33857,7.17001
BNA1449a,232,Steam turbine,Waste,8.7,0.33,0,0,8.7,8.7,49.793,9.99406
BNA1449b,232,Steam turbine,Waste,12,0.33,0,0,12,12,49.793,9.99406
BNA1450,380,Combined cycle,NaturalGas,13,0.54,0.373703704,0,13,13,52.623451,10.245655
BNA1451,14,Steam turbine,Lignite,27.5,0.3088,1.176489637,0,27.5,27.5,51.44089,6.70543
BNA1458,243,Combustion Engine,OtherFuels,28,0.3575,0,0,28,28,49.208167,7.935652
BNA1461,341,Steam turbine,Lignite,17.5,0.412,0.881796117,0,17.5,17.5,51.051995,12.113654
BNA1463,335,Steam turbine,NaturalGas,19.5,0.3608,0.559312639,0,19.5,19.5,51.66322,10.354271
BNA1464,238,Steam turbine,NaturalGas,38.6,0.3982,0.506780512,0,38.6,38.6,49.213706,6.97813
BNA1465a,222,Steam turbine,OtherFuels,28,0.33,0,0,28,28,51.318082,9.849008
BNA1465b,222,Steam turbine,NaturalGas,13.2,0.3575,0.564475524,0,13.2,13.2,51.318082,9.849008
BNA1467,267,Steam turbine,HardCoal,18.5,0.39,0.872051282,3.779487438,18.5,18.5,48.527167,8.087068
BNA1486,338,Steam turbine,Lignite,49,0.3496,1.039187643,0,49,49,51.462749,11.714028
BNA1487,199,Combined cycle,NaturalGas,94.6,0.5985,0.337176274,0,94.6,94.6,49.884879,8.650067
BNA1488,121,Steam turbine,OtherFuels,16,0.33,0,0,16,16,51.510668,7.465382
BNA1489,130,Steam turbine,NaturalGas,22,0.3784,0.533298097,0,22,22,52.6087132,11.8324507
BNA1490,168,Steam turbine,Waste,33.4,0.33,0,0,33.4,33.4,50.8577189,6.850175
BNA1492a,227,Steam turbine,NaturalGas,26.2,0.374,0.539572193,0,26.2,26.2,50.56912,9.68128
BNA1492b,227,Steam turbine,NaturalGas,8,0.3982,0.506780512,0,8,8,50.56912,9.68128
BNA1498,384,Steam turbine,NaturalGas,30.6,0.3333,0.605460546,0,30.6,30.6,52.16921,9.7909
BNA1499,381,Steam turbine,NaturalGas,15.8,0.385,0.524155844,0,15.8,15.8,52.2321963,10.033285
BNA1500,389,Steam turbine,HardCoal,40,0.4,0.85025,1.228333417,40,40,52.9751813,10.5573974
BNA1501,293,Steam turbine,Biomass,14,0.38,0,0,14,14,48.628498,10.200853
BNA1502,444,Steam turbine,NaturalGas,12.6,0.3993,0.505384423,0,12.6,12.6,51.3387609,6.5853417
BNA1503,114,Steam turbine,NaturalGas,16.9,0.3982,0.506780512,0,16.9,16.9,51.25454,6.78648
BNA1504,32,Steam turbine,NaturalGas,13,0.3993,0.505384423,0,13,13,49.047474,8.281602
BNA1505,228,Steam turbine,NaturalGas,22.1,0.3773,0.534852902,0,22.1,22.1,50.9815566,10.2905599
BNA1506,374,Steam turbine,NaturalGas,23.4,0.3784,0.533298097,0,23.4,23.4,52.070093,11.385306
BNA1507,201,Steam turbine,NaturalGas,10.7,0.3916,0.515321757,0,10.7,10.7,49.858588,7.885043
BNA1508,16,Steam turbine,HardCoal,746,0.4575,0.743387978,2.147905429,746,746,51.6124,7.46532
BNA1509,392,Steam turbine,NaturalGas,66,0.3806,0.530215449,0,66,66,52.560606,7.295164
BNA1510,355,Steam turbine,Waste,18.7,0.33,0,0,18.7,18.7,51.520132,14.337383
BNA1511a,170,Steam turbine,Lignite,9.3,0.3592,1.011414254,0,9.3,9.3,50.77701,6.48605
BNA1511b,170,Steam turbine,NaturalGas,2.9,0.3487,0.578720964,0,2.9,2.9,50.77701,6.48605
BNA1516,76,Steam turbine,NaturalGas,30,0.3762,0.5364168,0,30,30,49.59914,8.22096
BNA1520,200,Steam turbine,Waste,10.5,0.33,0,0,10.5,10.5,50.042129,8.261157
BNA1522,360,Steam turbine,Biomass,17.8,0.38,0,0,17.8,17.8,53.320352,14.271028
BNA1523a,68,Combined cycle,NaturalGas,42,0.504,0.400396825,0,42,42,50.321134,7.233907
BNA1523b,68,Combined cycle,NaturalGas,0,0.5985,0.337176274,0,0,0,50.321134,7.233907
BNA1523c,68,Steam turbine,OtherFuels,0,0.33,0,0,0,0,50.321134,7.233907
BNA1524,400,Steam turbine,NaturalGas,22.1,0.2882,0.700208189,0,22.1,22.1,52.904778,9.658513
BNA1526,430,Steam turbine,Oil(heavy),44.5,0.3432,0.853729604,0,44.5,44.5,54.154861,9.076647
BNA1528,7,Steam turbine,NaturalGas,13.2,0.374,0.539572193,0,13.2,13.2,47.727038,10.319368
BNA1531,417,Steam turbine,NaturalGas,37.7,0.4004,0.503996004,0,37.7,37.7,54.137883,13.667149
BNA1541,349,Steam turbine,NaturalGas,13.4,0.3993,0.505384423,0,13.4,13.4,50.913038,13.324848
BNA1553,313,Steam turbine,OtherFuels,23.3,0.33,0,0,23.3,23.3,48.808369,11.475553
BNA1556,351,Steam turbine,NaturalGas,36,0.4004,0.503996004,0,36,36,51.150411,13.977139
BNA1557,347,Steam turbine,NaturalGas,12.9,0.4004,0.503996004,0,12.9,12.9,50.79079,12.491081
BNA1558,414,Steam turbine,HardCoal,766,0.4625,0.735351351,0.531171207,766,766,53.486245,9.953149
BNA1658,216,Steam turbine,NaturalGas,11.3,0.363,0.555922865,0,11.3,11.3,52.029657,8.907163
BNA1671,404,Steam turbine,NaturalGas,17.1,0.4004,0.503996004,0,17.1,17.1,53.592082,8.534511
BNA1673,414,Steam turbine,HardCoal,774,0.4625,0.735351351,0.531171207,774,774,53.486245,9.953149
BNA1674,407,Steam turbine,HardCoal,731,0.4625,0.735351351,0.531171207,731,731,53.578698,8.132685
BNA1677,56,Steam turbine,NaturalGas,10.4,0.4015,0.502615193,0,10.4,10.4,52.295298,10.521672
BNA1678,311,Steam turbine,NaturalGas,17.2,0.4015,0.502615193,0,17.2,17.2,48.354126,11.77452
Biomass_6,6,Steam turbine,Biomass,0.110,0.38,0,0,0.110,0.110,51.514,6.996
Biomass_14,14,Steam turbine,Biomass,0.013,0.38,0,0,0.013,0.013,51.46,6.732
Biomass_27,27,Steam turbine,Biomass,6.440,0.38,0,0,6.440,6.440,49.811,6.844
Biomass_31,31,Steam turbine,Biomass,9.102,0.38,0,0,9.102,9.102,50.078,8.537
Biomass_32,32,Steam turbine,Biomass,1.260,0.38,0,0,1.260,1.260,49.029,8.273
Biomass_33,33,Steam turbine,Biomass,0.111,0.38,0,0,0.111,0.111,49.358,7.241
Biomass_35,35,Steam turbine,Biomass,47.458,0.38,0,0,47.458,47.458,51.898,7.607
Biomass_37,37,Steam turbine,Biomass,10.655,0.38,0,0,10.655,10.655,51.684,7.992
Biomass_46,46,Steam turbine,Biomass,1.981,0.38,0,0,1.981,1.981,48.719,9.371
Biomass_47,47,Steam turbine,Biomass,3.164,0.38,0,0,3.164,3.164,48.813,9.378
Biomass_49,49,Steam turbine,Biomass,65.900,0.38,0,0,65.900,65.900,48.027,10.642
Biomass_55,55,Steam turbine,Biomass,4.167,0.38,0,0,4.167,4.167,54.1,12.214
Biomass_56,56,Steam turbine,Biomass,66.388,0.38,0,0,66.388,66.388,52.368,10.761
Biomass_57,57,Steam turbine,Biomass,126.678,0.38,0,0,126.678,126.678,52.858,8.083
Biomass_58,58,Steam turbine,Biomass,9.884,0.38,0,0,9.884,9.884,49.36,8.664
Biomass_59,59,Steam turbine,Biomass,11.747,0.38,0,0,11.747,11.747,49.363,9.076
Biomass_61,61,Steam turbine,Biomass,25.377,0.38,0,0,25.377,25.377,51.7,8.741
Biomass_62,62,Steam turbine,Biomass,3.209,0.38,0,0,3.209,3.209,51.409,7.724
Biomass_65,65,Steam turbine,Biomass,15.943,0.38,0,0,15.943,15.943,51.673,7.931
Biomass_67,67,Steam turbine,Biomass,0.624,0.38,0,0,0.624,0.624,49.357,6.741
Biomass_68,68,Steam turbine,Biomass,21.608,0.38,0,0,21.608,21.608,50.437,7.429
Biomass_71,71,Steam turbine,Biomass,2.297,0.38,0,0,2.297,2.297,50.618,7.013
Biomass_72,72,Steam turbine,Biomass,16.433,0.38,0,0,16.433,16.433,50.159,8.735
Biomass_73,73,Steam turbine,Biomass,11.296,0.38,0,0,11.296,11.296,50.06,8.989
Biomass_74,74,Steam turbine,Biomass,6.143,0.38,0,0,6.143,6.143,49.295,9.091
Biomass_76,76,Steam turbine,Biomass,5.716,0.38,0,0,5.716,5.716,49.578,8.068
Biomass_77,77,Steam turbine,Biomass,9.668,0.38,0,0,9.668,9.668,49.421,8.352
Biomass_78,78,Steam turbine,Biomass,0.005,0.38,0,0,0.005,0.005,48.986,8.445
Biomass_82,82,Steam turbine,Biomass,1.697,0.38,0,0,1.697,1.697,51.411,7.196
Biomass_84,84,Steam turbine,Biomass,8.209,0.38,0,0,8.209,8.209,51.446,6.873
Biomass_88,88,Steam turbine,Biomass,10.657,0.38,0,0,10.657,10.657,51.299,6.543
Biomass_89,89,Steam turbine,Biomass,10.898,0.38,0,0,10.898,10.898,51.473,7.18
Biomass_91,91,Steam turbine,Biomass,23.695,0.38,0,0,23.695,23.695,51.619,7.445
Biomass_92,92,Steam turbine,Biomass,22.025,0.38,0,0,22.025,22.025,51.548,7.18
Biomass_94,94,Steam turbine,Biomass,7.243,0.38,0,0,7.243,7.243,51.619,6.614
Biomass_96,96,Steam turbine,Biomass,3.220,0.38,0,0,3.220,3.220,51.52,6.812
Biomass_98,98,Steam turbine,Biomass,5.134,0.38,0,0,5.134,5.134,51.48,6.723
Biomass_101,101,Steam turbine,Biomass,3.558,0.38,0,0,3.558,3.558,51.091,6.709
Biomass_102,102,Steam turbine,Biomass,0.217,0.38,0,0,0.217,0.217,50.83,6.27
Biomass_104,104,Steam turbine,Biomass,0.037,0.38,0,0,0.037,0.037,51.032,6.936
Biomass_108,108,Steam turbine,Biomass,0.512,0.38,0,0,0.512,0.512,50.906,7.047
Biomass_109,109,Steam turbine,Biomass,0.373,0.38,0,0,0.373,0.373,50.999,7.023
Biomass_111,111,Steam turbine,Biomass,0.373,0.38,0,0,0.373,0.373,50.966,6.806
Biomass_112,112,Steam turbine,Biomass,2.681,0.38,0,0,2.681,2.681,50.984,6.851
Biomass_114,114,Steam turbine,Biomass,2.399,0.38,0,0,2.399,2.399,51.268,6.809
Biomass_115,115,Steam turbine,Biomass,11.268,0.38,0,0,11.268,11.268,51.147,6.773
Biomass_116,116,Steam turbine,Biomass,3.267,0.38,0,0,3.267,3.267,51.163,6.828
Biomass_118,118,Steam turbine,Biomass,0.467,0.38,0,0,0.467,0.467,51.249,6.998
Biomass_119,119,Steam turbine,Biomass,0.858,0.38,0,0,0.858,0.858,51.172,7.122
Biomass_120,120,Steam turbine,Biomass,21.370,0.38,0,0,21.370,21.370,51.534,7.719
Biomass_121,121,Steam turbine,Biomass,5.192,0.38,0,0,5.192,5.192,51.535,7.5
Biomass_123,123,Steam turbine,Biomass,3.428,0.38,0,0,3.428,3.428,51.598,7.038
Biomass_127,127,Steam turbine,Biomass,6.226,0.38,0,0,6.226,6.226,51.813,9.228
Biomass_128,128,Steam turbine,Biomass,30.303,0.38,0,0,30.303,30.303,49.97,9.09
Biomass_129,129,Steam turbine,Biomass,78.025,0.38,0,0,78.025,78.025,48.763,12.851
Biomass_130,130,Steam turbine,Biomass,205.523,0.38,0,0,205.523,205.523,52.569,11.727
Biomass_131,131,Steam turbine,Biomass,5.264,0.38,0,0,5.264,5.264,48.846,8.249
Biomass_132,132,Steam turbine,Biomass,4.101,0.38,0,0,4.101,4.101,51.823,7.994
Biomass_133,133,Steam turbine,Biomass,21.909,0.38,0,0,21.909,21.909,52.302,10.505
Biomass_134,134,Steam turbine,Biomass,92.985,0.38,0,0,92.985,92.985,53.566,9.069
Biomass_135,135,Steam turbine,Biomass,12.446,0.38,0,0,12.446,12.446,51.828,13.157
Biomass_136,136,Steam turbine,Biomass,58.131,0.38,0,0,58.131,58.131,53.252,13.957
Biomass_137,137,Steam turbine,Biomass,68.514,0.38,0,0,68.514,68.514,53.794,13.4
Biomass_138,138,Steam turbine,Biomass,48.357,0.38,0,0,48.357,48.357,53.251,12.088
Biomass_139,139,Steam turbine,Biomass,5.034,0.38,0,0,5.034,5.034,53.572,11.699
Biomass_140,140,Steam turbine,Biomass,7.174,0.38,0,0,7.174,7.174,49.749,6.621
Biomass_141,141,Steam turbine,Biomass,10.827,0.38,0,0,10.827,10.827,50.802,6.167
Biomass_143,143,Steam turbine,Biomass,8.337,0.38,0,0,8.337,8.337,51.401,11.947
Biomass_144,144,Steam turbine,Biomass,4.212,0.38,0,0,4.212,4.212,50.39,6.532
Biomass_145,145,Steam turbine,Biomass,9.392,0.38,0,0,9.392,9.392,51.676,7.709
Biomass_147,147,Steam turbine,Biomass,39.205,0.38,0,0,39.205,39.205,51.695,6.222
Biomass_149,149,Steam turbine,Biomass,37.883,0.38,0,0,37.883,37.883,51.646,6.68
Biomass_151,151,Steam turbine,Biomass,9.104,0.38,0,0,9.104,9.104,51.626,7.024
Biomass_154,154,Steam turbine,Biomass,4.070,0.38,0,0,4.070,4.070,51.574,7.264
Biomass_156,156,Steam turbine,Biomass,1.272,0.38,0,0,1.272,1.272,51.45,7.127
Biomass_157,157,Steam turbine,Biomass,4.998,0.38,0,0,4.998,4.998,51.445,6.948
Biomass_159,159,Steam turbine,Biomass,8.011,0.38,0,0,8.011,8.011,51.476,6.617
Biomass_160,160,Steam turbine,Biomass,0.345,0.38,0,0,0.345,0.345,51.374,6.869
Biomass_162,162,Steam turbine,Biomass,18.613,0.38,0,0,18.613,18.613,51.243,6.329
Biomass_166,166,Steam turbine,Biomass,7.785,0.38,0,0,7.785,7.785,50.912,6.216
Biomass_167,167,Steam turbine,Biomass,1.344,0.38,0,0,1.344,1.344,50.953,6.596
Biomass_168,168,Steam turbine,Biomass,2.862,0.38,0,0,2.862,2.862,50.864,6.843
Biomass_170,170,Steam turbine,Biomass,8.048,0.38,0,0,8.048,8.048,50.872,6.457
Biomass_172,172,Steam turbine,Biomass,0.326,0.38,0,0,0.326,0.326,51.175,7.008
Biomass_173,173,Steam turbine,Biomass,2.306,0.38,0,0,2.306,2.306,51.07,6.966
Biomass_174,174,Steam turbine,Biomass,6.230,0.38,0,0,6.230,6.230,51.233,7.233
Biomass_175,175,Steam turbine,Biomass,2.054,0.38,0,0,2.054,2.054,51.446,7.313
Biomass_177,177,Steam turbine,Biomass,1.255,0.38,0,0,1.255,1.255,51.411,7.454
Biomass_178,178,Steam turbine,Biomass,19.544,0.38,0,0,19.544,19.544,51.401,7.506
Biomass_179,179,Steam turbine,Biomass,1.027,0.38,0,0,1.027,1.027,51.011,7.938
Biomass_180,180,Steam turbine,Biomass,5.006,0.38,0,0,5.006,5.006,50.917,9.746
Biomass_181,181,Steam turbine,Biomass,20.851,0.38,0,0,20.851,20.851,50.606,8.656
Biomass_182,182,Steam turbine,Biomass,2.843,0.38,0,0,2.843,2.843,50.759,8.284
Biomass_183,183,Steam turbine,Biomass,3.775,0.38,0,0,3.775,3.775,50.769,7.864
Biomass_184,184,Steam turbine,Biomass,1.348,0.38,0,0,1.348,1.348,50.842,7.985
Biomass_185,185,Steam turbine,Biomass,3.592,0.38,0,0,3.592,3.592,50.798,7.193
Biomass_186,186,Steam turbine,Biomass,7.717,0.38,0,0,7.717,7.717,50.795,6.973
Biomass_187,187,Steam turbine,Biomass,1.958,0.38,0,0,1.958,1.958,50.643,7.137
Biomass_189,189,Steam turbine,Biomass,9.277,0.38,0,0,9.277,9.277,50.386,7.593
Biomass_190,190,Steam turbine,Biomass,25.037,0.38,0,0,25.037,25.037,50.406,8.066
Biomass_191,191,Steam turbine,Biomass,1.461,0.38,0,0,1.461,1.461,50.591,8.48
Biomass_193,193,Steam turbine,Biomass,1.395,0.38,0,0,1.395,1.395,50.131,8.872
Biomass_194,194,Steam turbine,Biomass,4.727,0.38,0,0,4.727,4.727,50.203,8.809
Biomass_195,195,Steam turbine,Biomass,2.084,0.38,0,0,2.084,2.084,50.092,8.619
Biomass_196,196,Steam turbine,Biomass,2.965,0.38,0,0,2.965,2.965,49.974,8.772
Biomass_197,197,Steam turbine,Biomass,1.827,0.38,0,0,1.827,1.827,50.098,8.47
Biomass_199,199,Steam turbine,Biomass,10.193,0.38,0,0,10.193,10.193,49.815,8.589
Biomass_200,200,Steam turbine,Biomass,46.949,0.38,0,0,46.949,46.949,49.982,8.388
Biomass_201,201,Steam turbine,Biomass,7.636,0.38,0,0,7.636,7.636,49.811,7.793
Biomass_202,202,Steam turbine,Biomass,50.131,0.38,0,0,50.131,50.131,52.203,7.034
Biomass_203,203,Steam turbine,Biomass,13.605,0.38,0,0,13.605,13.605,52.193,8.932
Biomass_206,206,Steam turbine,Biomass,23.464,0.38,0,0,23.464,23.464,52.264,8.104
Biomass_207,207,Steam turbine,Biomass,38.827,0.38,0,0,38.827,38.827,52.277,7.89
Biomass_208,208,Steam turbine,Biomass,19.073,0.38,0,0,19.073,19.073,51.343,8.993
Biomass_209,209,Steam turbine,Biomass,29.970,0.38,0,0,29.970,29.970,51.428,8.625
Biomass_210,210,Steam turbine,Biomass,11.123,0.38,0,0,11.123,11.123,51.178,8.211
Biomass_211,211,Steam turbine,Biomass,44.665,0.38,0,0,44.665,44.665,51.927,8.364
Biomass_213,213,Steam turbine,Biomass,4.844,0.38,0,0,4.844,4.844,51.994,8.629
Biomass_214,214,Steam turbine,Biomass,16.831,0.38,0,0,16.831,16.831,52.105,8.571
Biomass_216,216,Steam turbine,Biomass,34.020,0.38,0,0,34.020,34.020,51.983,8.814
Biomass_217,217,Steam turbine,Biomass,45.197,0.38,0,0,45.197,45.197,52.026,9.39
Biomass_218,218,Steam turbine,Biomass,10.852,0.38,0,0,10.852,10.852,51.897,9.924
Biomass_219,219,Steam turbine,Biomass,9.654,0.38,0,0,9.654,9.654,51.325,9.567
Biomass_220,220,Steam turbine,Biomass,7.858,0.38,0,0,7.858,7.858,51.64,9.388
Biomass_221,221,Steam turbine,Biomass,17.792,0.38,0,0,17.792,17.792,51.649,9.851
Biomass_222,222,Steam turbine,Biomass,43.983,0.38,0,0,43.983,43.983,51.516,9.883
Biomass_223,223,Steam turbine,Biomass,27.846,0.38,0,0,27.846,27.846,52.001,9.797
Biomass_224,224,Steam turbine,Biomass,11.391,0.38,0,0,11.391,11.391,51.167,9.05
Biomass_225,225,Steam turbine,Biomass,1.387,0.38,0,0,1.387,1.387,51.059,9.258
Biomass_226,226,Steam turbine,Biomass,18.513,0.38,0,0,18.513,18.513,51.259,9.514
Biomass_227,227,Steam turbine,Biomass,25.292,0.38,0,0,25.292,25.292,50.529,9.774
Biomass_228,228,Steam turbine,Biomass,29.504,0.38,0,0,29.504,29.504,51.002,10.385
Biomass_229,229,Steam turbine,Biomass,38.245,0.38,0,0,38.245,38.245,53.086,11.853
Biomass_230,230,Steam turbine,Biomass,25.222,0.38,0,0,25.222,25.222,50.028,10.196
Biomass_231,231,Steam turbine,Biomass,8.282,0.38,0,0,8.282,8.282,49.981,10.189
Biomass_232,232,Steam turbine,Biomass,26.927,0.38,0,0,26.927,26.927,49.989,10.16
Biomass_233,233,Steam turbine,Biomass,10.954,0.38,0,0,10.954,10.954,49.798,9.594
Biomass_235,235,Steam turbine,Biomass,20.891,0.38,0,0,20.891,20.891,49.922,6.475
Biomass_236,236,Steam turbine,Biomass,19.072,0.38,0,0,19.072,19.072,49.971,6.92
Biomass_237,237,Steam turbine,Biomass,4.966,0.38,0,0,4.966,4.966,49.829,6.702
Biomass_238,238,Steam turbine,Biomass,6.104,0.38,0,0,6.104,6.104,49.331,7.031
Biomass_242,242,Steam turbine,Biomass,1.557,0.38,0,0,1.557,1.557,49.376,6.996
Biomass_243,243,Steam turbine,Biomass,17.905,0.38,0,0,17.905,17.905,49.483,7.729
Biomass_244,244,Steam turbine,Biomass,9.158,0.38,0,0,9.158,9.158,49.369,7.236
Biomass_245,245,Steam turbine,Biomass,1.567,0.38,0,0,1.567,1.567,49.306,7.32
Biomass_246,246,Steam turbine,Biomass,13.805,0.38,0,0,13.805,13.805,49.59,9.447
Biomass_247,247,Steam turbine,Biomass,4.943,0.38,0,0,4.943,4.943,49.567,8.954
Biomass_248,248,Steam turbine,Biomass,0.936,0.38,0,0,0.936,0.936,49.709,8.415
Biomass_249,249,Steam turbine,Biomass,0.579,0.38,0,0,0.579,0.579,49.633,8.419
Biomass_250,250,Steam turbine,Biomass,32.897,0.38,0,0,32.897,32.897,49.529,8.408
Biomass_251,251,Steam turbine,Biomass,4.942,0.38,0,0,4.942,4.942,49.544,8.627
Biomass_252,252,Steam turbine,Biomass,21.937,0.38,0,0,21.937,21.937,49.446,8.489
Biomass_254,254,Steam turbine,Biomass,62.333,0.38,0,0,62.333,62.333,49.232,9.695
Biomass_255,255,Steam turbine,Biomass,7.382,0.38,0,0,7.382,7.382,49.177,9.208
Biomass_256,256,Steam turbine,Biomass,4.409,0.38,0,0,4.409,4.409,49.144,9.151
Biomass_257,257,Steam turbine,Biomass,5.362,0.38,0,0,5.362,5.362,49.039,9.178
Biomass_260,260,Steam turbine,Biomass,1.244,0.38,0,0,1.244,1.244,49.294,8.512
Biomass_262,262,Steam turbine,Biomass,5.717,0.38,0,0,5.717,5.717,49.29,8.674
Biomass_263,263,Steam turbine,Biomass,0.244,0.38,0,0,0.244,0.244,49.013,8.349
Biomass_265,265,Steam turbine,Biomass,19.216,0.38,0,0,19.216,19.216,48.89,8.641
Biomass_266,266,Steam turbine,Biomass,10.707,0.38,0,0,10.707,10.707,48.705,8.121
Biomass_267,267,Steam turbine,Biomass,30.077,0.38,0,0,30.077,30.077,48.501,7.911
Biomass_268,268,Steam turbine,Biomass,13.980,0.38,0,0,13.980,13.980,48.099,7.753
Biomass_269,269,Steam turbine,Biomass,7.906,0.38,0,0,7.906,7.906,48.903,9.046
Biomass_270,270,Steam turbine,Biomass,18.322,0.38,0,0,18.322,18.322,48.913,9.195
Biomass_271,271,Steam turbine,Biomass,4.443,0.38,0,0,4.443,4.443,48.88,9.379
Biomass_272,272,Steam turbine,Biomass,3.878,0.38,0,0,3.878,3.878,48.828,9.097
Biomass_273,273,Steam turbine,Biomass,3.805,0.38,0,0,3.805,3.805,48.853,9.215
Biomass_274,274,Steam turbine,Biomass,12.812,0.38,0,0,12.812,12.812,48.701,9.563
Biomass_275,275,Steam turbine,Biomass,2.001,0.38,0,0,2.001,2.001,48.666,9.402
Biomass_276,276,Steam turbine,Biomass,37.206,0.38,0,0,37.206,37.206,48.584,8.786
Biomass_277,277,Steam turbine,Biomass,8.194,0.38,0,0,8.194,8.194,48.55,9.275
Biomass_278,278,Steam turbine,Biomass,9.304,0.38,0,0,9.304,9.304,48.465,9.704
Biomass_279,279,Steam turbine,Biomass,12.378,0.38,0,0,12.378,12.378,48.31,8.873
Biomass_280,280,Steam turbine,Biomass,23.439,0.38,0,0,23.439,23.439,48.043,8.465
Biomass_281,281,Steam turbine,Biomass,17.519,0.38,0,0,17.519,17.519,48.066,8.617
Biomass_282,282,Steam turbine,Biomass,1.040,0.38,0,0,1.040,1.040,47.649,7.937
Biomass_285,285,Steam turbine,Biomass,14.288,0.38,0,0,14.288,14.288,47.64,8.252
Biomass_286,286,Steam turbine,Biomass,24.045,0.38,0,0,24.045,24.045,47.844,9.013
Biomass_287,287,Steam turbine,Biomass,12.885,0.38,0,0,12.885,12.885,47.806,8.861
Biomass_288,288,Steam turbine,Biomass,39.618,0.38,0,0,39.618,39.618,48.064,9.426
Biomass_289,289,Steam turbine,Biomass,46.677,0.38,0,0,46.677,46.677,47.745,9.645
Biomass_290,290,Steam turbine,Biomass,1.440,0.38,0,0,1.440,1.440,47.653,9.802
Biomass_291,291,Steam turbine,Biomass,15.996,0.38,0,0,15.996,15.996,48.897,10.116
Biomass_293,293,Steam turbine,Biomass,48.742,0.38,0,0,48.742,48.742,48.53,10.232
Biomass_294,294,Steam turbine,Biomass,30.469,0.38,0,0,30.469,30.469,48.518,10.391
Biomass_295,295,Steam turbine,Biomass,97.790,0.38,0,0,97.790,97.790,48.539,10.868
Biomass_296,296,Steam turbine,Biomass,51.460,0.38,0,0,51.460,51.460,48.401,10.937
Biomass_297,297,Steam turbine,Biomass,86.276,0.38,0,0,86.276,86.276,48.304,9.886
Biomass_298,298,Steam turbine,Biomass,32.348,0.38,0,0,32.348,32.348,48.238,10.841
Biomass_299,299,Steam turbine,Biomass,20.231,0.38,0,0,20.231,20.231,48.267,10.083
Biomass_300,300,Steam turbine,Biomass,28.007,0.38,0,0,28.007,28.007,47.971,10.195
Biomass_302,302,Steam turbine,Biomass,12.815,0.38,0,0,12.815,12.815,47.683,10.322
Biomass_303,303,Steam turbine,Biomass,11.337,0.38,0,0,11.337,11.337,48.052,11.294
Biomass_304,304,Steam turbine,Biomass,22.205,0.38,0,0,22.205,22.205,47.496,11.278
Biomass_305,305,Steam turbine,Biomass,54.420,0.38,0,0,54.420,54.420,47.913,12.13
Biomass_306,306,Steam turbine,Biomass,27.037,0.38,0,0,27.037,27.037,48.291,11.371
Biomass_307,307,Steam turbine,Biomass,14.283,0.38,0,0,14.283,14.283,48.172,11.441
Biomass_308,308,Steam turbine,Biomass,4.853,0.38,0,0,4.853,4.853,48.179,11.64
Biomass_310,310,Steam turbine,Biomass,15.311,0.38,0,0,15.311,15.311,48.207,11.868
Biomass_311,311,Steam turbine,Biomass,57.262,0.38,0,0,57.262,57.262,48.455,11.808
Biomass_313,313,Steam turbine,Biomass,19.824,0.38,0,0,19.824,19.824,48.761,11.508
Biomass_314,314,Steam turbine,Biomass,12.620,0.38,0,0,12.620,12.620,48.838,11.792
Biomass_315,315,Steam turbine,Biomass,59.035,0.38,0,0,59.035,59.035,48.149,12.747
Biomass_316,316,Steam turbine,Biomass,52.258,0.38,0,0,52.258,52.258,48.586,12.221
Biomass_317,317,Steam turbine,Biomass,31.525,0.38,0,0,31.525,31.525,48.606,12.297
Biomass_318,318,Steam turbine,Biomass,33.378,0.38,0,0,33.378,33.378,48.262,13.003
Biomass_319,319,Steam turbine,Biomass,41.906,0.38,0,0,41.906,41.906,48.667,13.103
Biomass_320,320,Steam turbine,Biomass,16.606,0.38,0,0,16.606,16.606,49.013,12.151
Biomass_321,321,Steam turbine,Biomass,36.847,0.38,0,0,36.847,36.847,49.298,12.082
Biomass_322,322,Steam turbine,Biomass,157.486,0.38,0,0,157.486,157.486,49.379,10.843
Biomass_323,323,Steam turbine,Biomass,58.984,0.38,0,0,58.984,58.984,49.393,11.327
Biomass_324,324,Steam turbine,Biomass,28.520,0.38,0,0,28.520,28.520,49.558,10.973
Biomass_325,325,Steam turbine,Biomass,61.073,0.38,0,0,61.073,61.073,49.631,12.113
Biomass_326,326,Steam turbine,Biomass,25.869,0.38,0,0,25.869,25.869,49.929,10.836
Biomass_327,327,Steam turbine,Biomass,10.851,0.38,0,0,10.851,10.851,49.979,11.105
Biomass_328,328,Steam turbine,Biomass,36.900,0.38,0,0,36.900,36.900,50.183,11.811
Biomass_329,329,Steam turbine,Biomass,18.441,0.38,0,0,18.441,18.441,50.162,11.194
Biomass_330,330,Steam turbine,Biomass,35.874,0.38,0,0,35.874,35.874,50.574,10.99
Biomass_331,331,Steam turbine,Biomass,48.958,0.38,0,0,48.958,48.958,50.604,11.474
Biomass_332,332,Steam turbine,Biomass,2.494,0.38,0,0,2.494,2.494,50.534,11.647
Biomass_333,333,Steam turbine,Biomass,19.962,0.38,0,0,19.962,19.962,50.999,11.123
Biomass_334,334,Steam turbine,Biomass,11.371,0.38,0,0,11.371,11.371,50.93,11.471
Biomass_335,335,Steam turbine,Biomass,21.405,0.38,0,0,21.405,21.405,51.44,10.736
Biomass_336,336,Steam turbine,Biomass,46.430,0.38,0,0,46.430,46.430,51.584,11.516
Biomass_337,337,Steam turbine,Biomass,27.481,0.38,0,0,27.481,27.481,51.741,12.262
Biomass_338,338,Steam turbine,Biomass,38.330,0.38,0,0,38.330,38.330,51.405,11.893
Biomass_339,339,Steam turbine,Biomass,80.429,0.38,0,0,80.429,80.429,50.781,12.045
Biomass_340,340,Steam turbine,Biomass,13.987,0.38,0,0,13.987,13.987,50.567,12.243
Biomass_342,342,Steam turbine,Biomass,1.228,0.38,0,0,1.228,1.228,50.518,12.881
Biomass_343,343,Steam turbine,Biomass,2.151,0.38,0,0,2.151,2.151,50.627,12.789
Biomass_344,344,Steam turbine,Biomass,5.852,0.38,0,0,5.852,5.852,51.197,12.338
Biomass_345,345,Steam turbine,Biomass,86.980,0.38,0,0,86.980,86.980,51.371,12.469
Biomass_346,346,Steam turbine,Biomass,19.667,0.38,0,0,19.667,19.667,51.156,12.518
Biomass_347,347,Steam turbine,Biomass,14.588,0.38,0,0,14.588,14.588,50.753,12.477
Biomass_348,348,Steam turbine,Biomass,8.506,0.38,0,0,8.506,8.506,50.858,12.813
Biomass_349,349,Steam turbine,Biomass,22.330,0.38,0,0,22.330,22.330,50.866,13.002
Biomass_350,350,Steam turbine,Biomass,45.922,0.38,0,0,45.922,45.922,51.356,13.382
Biomass_351,351,Steam turbine,Biomass,20.689,0.38,0,0,20.689,20.689,50.99,13.841
Biomass_352,352,Steam turbine,Biomass,16.149,0.38,0,0,16.149,16.149,51.121,14.219
Biomass_353,353,Steam turbine,Biomass,13.263,0.38,0,0,13.263,13.263,51.062,14.949
Biomass_354,354,Steam turbine,Biomass,20.180,0.38,0,0,20.180,20.180,51.413,14.51
Biomass_356,356,Steam turbine,Biomass,7.892,0.38,0,0,7.892,7.892,52.174,14.604
Biomass_357,357,Steam turbine,Biomass,16.985,0.38,0,0,16.985,16.985,51.889,14.428
Biomass_358,358,Steam turbine,Biomass,100.085,0.38,0,0,100.085,100.085,51.874,13.903
Biomass_359,359,Steam turbine,Biomass,58.574,0.38,0,0,58.574,58.574,53.508,14.034
Biomass_361,361,Steam turbine,Biomass,1.438,0.38,0,0,1.438,1.438,52.59,13.494
Biomass_362,362,Steam turbine,Biomass,28.225,0.38,0,0,28.225,28.225,52.54,13.71
Biomass_363,363,Steam turbine,Biomass,0.157,0.38,0,0,0.157,0.157,52.535,13.524
Biomass_364,364,Steam turbine,Biomass,30.166,0.38,0,0,30.166,30.166,52.474,13.506
Biomass_365,365,Steam turbine,Biomass,23.970,0.38,0,0,23.970,23.970,52.231,13.304
Biomass_366,366,Steam turbine,Biomass,18.963,0.38,0,0,18.963,18.963,52.657,13.206
Biomass_367,367,Steam turbine,Biomass,0.948,0.38,0,0,0.948,0.948,52.581,13.211
Biomass_368,368,Steam turbine,Biomass,45.843,0.38,0,0,45.843,45.843,52.562,12.941
Biomass_369,369,Steam turbine,Biomass,1.670,0.38,0,0,1.670,1.670,52.522,13.457
Biomass_370,370,Steam turbine,Biomass,2.547,0.38,0,0,2.547,2.547,52.503,13.369
Biomass_371,371,Steam turbine,Biomass,6.269,0.38,0,0,6.269,6.269,52.531,13.249
Biomass_372,372,Steam turbine,Biomass,24.871,0.38,0,0,24.871,24.871,52.405,12.5
Biomass_373,373,Steam turbine,Biomass,35.997,0.38,0,0,35.997,35.997,51.909,11.644
Biomass_374,374,Steam turbine,Biomass,17.853,0.38,0,0,17.853,17.853,52.124,11.562
Biomass_375,375,Steam turbine,Biomass,38.063,0.38,0,0,38.063,38.063,52.269,11.638
Biomass_376,376,Steam turbine,Biomass,14.937,0.38,0,0,14.937,14.937,52.2,10.999
Biomass_377,377,Steam turbine,Biomass,13.697,0.38,0,0,13.697,13.697,52.167,10.369
Biomass_381,381,Steam turbine,Biomass,16.096,0.38,0,0,16.096,16.096,52.314,10.088
Biomass_382,382,Steam turbine,Biomass,5.721,0.38,0,0,5.721,5.721,52.382,9.918
Biomass_383,383,Steam turbine,Biomass,76.178,0.38,0,0,76.178,76.178,52.424,9.821
Biomass_384,384,Steam turbine,Biomass,22.079,0.38,0,0,22.079,22.079,52.278,9.917
Biomass_385,385,Steam turbine,Biomass,4.964,0.38,0,0,4.964,4.964,52.36,9.522
Biomass_386,386,Steam turbine,Biomass,62.512,0.38,0,0,62.512,62.512,52.538,9.125
Biomass_388,388,Steam turbine,Biomass,7.518,0.38,0,0,7.518,7.518,52.278,8.959
Biomass_389,389,Steam turbine,Biomass,92.395,0.38,0,0,92.395,92.395,52.993,10.383
Biomass_390,390,Steam turbine,Biomass,52.543,0.38,0,0,52.543,52.543,52.609,8.403
Biomass_391,391,Steam turbine,Biomass,33.903,0.38,0,0,33.903,33.903,52.346,8.309
Biomass_392,392,Steam turbine,Biomass,97.614,0.38,0,0,97.614,97.614,52.476,7.309
Biomass_393,393,Steam turbine,Biomass,57.506,0.38,0,0,57.506,57.506,52.753,7.277
Biomass_395,395,Steam turbine,Biomass,53.205,0.38,0,0,53.205,53.205,53.126,7.312
Biomass_398,398,Steam turbine,Biomass,11.678,0.38,0,0,11.678,11.678,53.032,8.564
Biomass_399,399,Steam turbine,Biomass,5.639,0.38,0,0,5.639,5.639,53.093,8.696
Biomass_400,400,Steam turbine,Biomass,55.983,0.38,0,0,55.983,55.983,53.114,9.25
Biomass_401,401,Steam turbine,Biomass,1.547,0.38,0,0,1.547,1.547,53.107,8.82
Biomass_402,402,Steam turbine,Biomass,0.299,0.38,0,0,0.299,0.299,53.203,8.519
Biomass_404,404,Steam turbine,Biomass,32.180,0.38,0,0,32.180,32.180,53.429,8.475
Biomass_405,405,Steam turbine,Biomass,82.004,0.38,0,0,82.004,82.004,53.333,8.053
Biomass_406,406,Steam turbine,Biomass,25.212,0.38,0,0,25.212,25.212,53.606,8.086
Biomass_408,408,Steam turbine,Biomass,6.401,0.38,0,0,6.401,6.401,53.35,7.224
Biomass_409,409,Steam turbine,Biomass,23.644,0.38,0,0,23.644,23.644,53.342,7.207
Biomass_410,410,Steam turbine,Biomass,6.721,0.38,0,0,6.721,6.721,53.691,9.776
Biomass_411,411,Steam turbine,Biomass,26.057,0.38,0,0,26.057,26.057,53.22,10.379
Biomass_412,412,Steam turbine,Biomass,15.297,0.38,0,0,15.297,15.297,53.413,10.413
Biomass_413,413,Steam turbine,Biomass,12.187,0.38,0,0,12.187,12.187,53.543,9.502
Biomass_414,414,Steam turbine,Biomass,44.083,0.38,0,0,44.083,44.083,53.488,9.909
Biomass_415,415,Steam turbine,Biomass,36.944,0.38,0,0,36.944,36.944,53.555,10.158
Biomass_416,416,Steam turbine,Biomass,102.882,0.38,0,0,102.882,102.882,53.601,11.37
Biomass_417,417,Steam turbine,Biomass,7.517,0.38,0,0,7.517,7.517,54.139,13.685
Biomass_418,418,Steam turbine,Biomass,22.809,0.38,0,0,22.809,22.809,54.285,13.079
Biomass_419,419,Steam turbine,Biomass,48.583,0.38,0,0,48.583,48.583,53.908,13.143
Biomass_420,420,Steam turbine,Biomass,28.334,0.38,0,0,28.334,28.334,53.816,12.187
Biomass_421,421,Steam turbine,Biomass,6.008,0.38,0,0,6.008,6.008,54.112,12.213
Biomass_422,422,Steam turbine,Biomass,0.337,0.38,0,0,0.337,0.337,54.141,12.13
Biomass_423,423,Steam turbine,Biomass,34.259,0.38,0,0,34.259,34.259,53.919,10.641
Biomass_424,424,Steam turbine,Biomass,22.998,0.38,0,0,22.998,22.998,53.909,10.761
Biomass_427,427,Steam turbine,Biomass,31.215,0.38,0,0,31.215,31.215,53.766,9.988
Biomass_428,428,Steam turbine,Biomass,0.299,0.38,0,0,0.299,0.299,53.741,9.984
Biomass_430,430,Steam turbine,Biomass,22.988,0.38,0,0,22.988,22.988,53.895,9.202
Biomass_431,431,Steam turbine,Biomass,24.413,0.38,0,0,24.413,24.413,53.968,9.449
Biomass_433,433,Steam turbine,Biomass,14.164,0.38,0,0,14.164,14.164,54.34,10.177
Biomass_435,435,Steam turbine,Biomass,30.470,0.38,0,0,30.470,30.470,49.952998,6.177656537
Biomass_436,436,Steam turbine,Biomass,64.211,0.38,0,0,64.211,64.211,49.952998,6.177656537
Biomass_437,437,Steam turbine,Biomass,107.211,0.38,0,0,107.211,107.211,49.952998,6.177656537
Biomass_3676,3676,Steam turbine,Biomass,2.483,0.38,0,0,2.483,2.483,0,0
